﻿{"Code":"Environment","Description":null,"DomainContainer":[{"Code":"Construction","Desciption":null,"DGObjectContainer":[{"Code":"ACHE","Desctiption":null,"PropertyContainer":[{"IsKey":true,"PropertyName":"PROJ_ID","DataType":"string","Unit":"无","Description":null,"Nullable":true,"RegularExp":null,"LangStr":"施工实际进度信息ID"},{"IsKey":false,"PropertyName":"PROG_NAME","DataType":"string","Unit":"无","Description":null,"Nullable":true,"RegularExp":null,"LangStr":"标段号"},{"IsKey":false,"PropertyName":"PROG_LORR","DataType":"string","Unit":"无","Description":null,"Nullable":true,"RegularExp":null,"LangStr":"左右幅"},{"IsKey":false,"PropertyName":"PROG_DATE","DataType":"DateTime","Unit":"无","Description":null,"Nullable":true,"RegularExp":null,"LangStr":"记录时间"},{"IsKey":false,"PropertyName":"PROG_END","DataType":"string","Unit":"无","Description":null,"Nullable":true,"RegularExp":null,"LangStr":"终点桩号"},{"IsKey":false,"PropertyName":"PROG_SGJD","DataType":"string","Unit":"无","Description":null,"Nullable":true,"RegularExp":null,"LangStr":"施工面进度"},{"IsKey":false,"PropertyName":"PROG_CQJD","DataType":"string","Unit":"无","Description":null,"Nullable":true,"RegularExp":null,"LangStr":"超前支护进度"},{"IsKey":false,"PropertyName":"PROG_CCJD","DataType":"string","Unit":"无","Description":null,"Nullable":true,"RegularExp":null,"LangStr":"初衬进度"},{"IsKey":false,"PropertyName":"PROG_ECJD","DataType":"string","Unit":"无","Description":null,"Nullable":true,"RegularExp":null,"LangStr":"二衬进度"},{"IsKey":false,"PropertyName":"FILE_FSET","DataType":"string","Unit":"无","Description":null,"Nullable":true,"RegularExp":null,"LangStr":"关联文件（现场日志表）"},{"IsKey":false,"PropertyName":"PROG_YGJD","DataType":"string","Unit":"无","Description":null,"Nullable":true,"RegularExp":null,"LangStr":"仰拱进度"}],"LangStr":"施工实际进度信息"},{"Code":"AD","Desctiption":null,"PropertyContainer":[{"IsKey":true,"PropertyName":"LOCA_ID","DataType":"string","Unit":"无","Description":null,"Nullable":true,"RegularExp":null,"LangStr":"位置ID"},{"IsKey":false,"PropertyName":"HDPH_ID","DataType":"string","Unit":"无","Description":null,"Nullable":true,"RegularExp":null,"LangStr":"钻孔ID"},{"IsKey":false,"PropertyName":"GCS_CHAI","DataType":"string","Unit":"无","Description":null,"Nullable":true,"RegularExp":null,"LangStr":"掌子面桩号"},{"IsKey":false,"PropertyName":"DETL_TOP","DataType":"decimal","Unit":"无","Description":null,"Nullable":true,"RegularExp":null,"LangStr":"钻探长度"},{"IsKey":false,"PropertyName":"DETL_GEO1","DataType":"string","Unit":"无","Description":null,"Nullable":true,"RegularExp":null,"LangStr":"地层年代"},{"IsKey":false,"PropertyName":"DETL_GEO2","DataType":"string","Unit":"无","Description":null,"Nullable":true,"RegularExp":null,"LangStr":"地层岩性"},{"IsKey":false,"PropertyName":"DETL_RQD","DataType":"decimal","Unit":"无","Description":null,"Nullable":true,"RegularExp":null,"LangStr":"RQD值"},{"IsKey":false,"PropertyName":"DETL_BEAR","DataType":"decimal","Unit":"无","Description":null,"Nullable":true,"RegularExp":null,"LangStr":"承载力"},{"IsKey":false,"PropertyName":"DETL_FRIC","DataType":"decimal","Unit":"无","Description":null,"Nullable":true,"RegularExp":null,"LangStr":"摩阻力"},{"IsKey":false,"PropertyName":"DETL_BLOW","DataType":"decimal","Unit":"无","Description":null,"Nullable":true,"RegularExp":null,"LangStr":"标贯N"},{"IsKey":false,"PropertyName":"DETL_DBLOW","DataType":"decimal","Unit":"无","Description":null,"Nullable":true,"RegularExp":null,"LangStr":"动探Nd"},{"IsKey":false,"PropertyName":"DETL_DESC","DataType":"string","Unit":"无","Description":null,"Nullable":true,"RegularExp":null,"LangStr":"细节描述"},{"IsKey":false,"PropertyName":"DETL_REM","DataType":"string","Unit":"无","Description":null,"Nullable":true,"RegularExp":null,"LangStr":"备注"},{"IsKey":false,"PropertyName":"FILE_FSET","DataType":"string","Unit":"无","Description":null,"Nullable":true,"RegularExp":null,"LangStr":"关联文件（现场日志表"}],"LangStr":"超前钻探"},{"Code":"ARCQ","Desctiption":null,"PropertyContainer":[{"IsKey":true,"PropertyName":"ARCQ_NO","DataType":"string","Unit":"无","Description":null,"Nullable":true,"RegularExp":null,"LangStr":"编号"},{"IsKey":false,"PropertyName":"ARCQ_ID","DataType":"string","Unit":"无","Description":null,"Nullable":true,"RegularExp":null,"LangStr":"ARCQ_ID"},{"IsKey":false,"PropertyName":"ARCQ_CHAI","DataType":"string","Unit":"无","Description":null,"Nullable":true,"RegularExp":null,"LangStr":"锚杆类型"},{"IsKey":false,"PropertyName":"ARCQ_INTE","DataType":"string","Unit":"无","Description":null,"Nullable":true,"RegularExp":null,"LangStr":"桩号区间"},{"IsKey":false,"PropertyName":"ARCQ_GESC","DataType":"string","Unit":"无","Description":null,"Nullable":true,"RegularExp":null,"LangStr":"锚杆设计数量"},{"IsKey":false,"PropertyName":"ARCQ_WATE","DataType":"string","Unit":"无","Description":null,"Nullable":true,"RegularExp":null,"LangStr":"锚杆实际数量"},{"IsKey":false,"PropertyName":"ARCQ_SURR","DataType":"string","Unit":"无","Description":null,"Nullable":true,"RegularExp":null,"LangStr":"锚杆设计长度"},{"IsKey":false,"PropertyName":"ARCQ_RESU","DataType":"string","Unit":"无","Description":null,"Nullable":true,"RegularExp":null,"LangStr":"锚杆实际长度"},{"IsKey":false,"PropertyName":"FILE_FSET","DataType":"string","Unit":"无","Description":null,"Nullable":true,"RegularExp":null,"LangStr":"关联文件（现场日志表"}],"LangStr":"锚杆施工质量"},{"Code":"ASP","Desctiption":null,"PropertyContainer":[{"IsKey":false,"PropertyName":"ASP_NO","DataType":"string","Unit":"无","Description":null,"Nullable":true,"RegularExp":null,"LangStr":"编号"},{"IsKey":false,"PropertyName":"ASP_ID","DataType":"string","Unit":"无","Description":null,"Nullable":true,"RegularExp":null,"LangStr":"ASP_ID"},{"IsKey":false,"PropertyName":"ASP_INTE","DataType":"string","Unit":"无","Description":null,"Nullable":true,"RegularExp":null,"LangStr":"桩号区间"},{"IsKey":false,"PropertyName":"ASP_SUPP","DataType":"string","Unit":"无","Description":null,"Nullable":true,"RegularExp":null,"LangStr":"超前支护方案"},{"IsKey":false,"PropertyName":"ASP_SRL","DataType":"string","Unit":"无","Description":null,"Nullable":true,"RegularExp":null,"LangStr":"预报围岩级别"},{"IsKey":false,"PropertyName":"FILE_FSET","DataType":"string","Unit":"无","Description":null,"Nullable":true,"RegularExp":null,"LangStr":"关联文件（现场日志表"}],"LangStr":"超前支护方案"},{"Code":"CHAG","Desctiption":null,"PropertyContainer":[{"IsKey":false,"PropertyName":"CHAG_NUMB","DataType":"string","Unit":"无","Description":null,"Nullable":true,"RegularExp":null,"LangStr":"处理卡编号"},{"IsKey":false,"PropertyName":"CHAG_NAME","DataType":"string","Unit":"无","Description":null,"Nullable":true,"RegularExp":null,"LangStr":"工程名称"},{"IsKey":false,"PropertyName":"CHAG_CHAI","DataType":"string","Unit":"无","Description":null,"Nullable":true,"RegularExp":null,"LangStr":"里程桩号"},{"IsKey":false,"PropertyName":"CHAG_TYPE1","DataType":"string","Unit":"无","Description":null,"Nullable":true,"RegularExp":null,"LangStr":"变更类型"},{"IsKey":false,"PropertyName":"CHAG_PRIM","DataType":"string","Unit":"无","Description":null,"Nullable":true,"RegularExp":null,"LangStr":"原衬砌类别"},{"IsKey":false,"PropertyName":"CHAG_PRES","DataType":"string","Unit":"无","Description":null,"Nullable":true,"RegularExp":null,"LangStr":"变更后衬砌类别"},{"IsKey":false,"PropertyName":"CHAG_REAS","DataType":"string","Unit":"无","Description":null,"Nullable":true,"RegularExp":null,"LangStr":"变更原因"},{"IsKey":false,"PropertyName":"CHAG_MANA","DataType":"string","Unit":"无","Description":null,"Nullable":true,"RegularExp":null,"LangStr":"处理意见"},{"IsKey":false,"PropertyName":"CHAG_DATE1","DataType":"string","Unit":"无","Description":null,"Nullable":true,"RegularExp":null,"LangStr":"处理卡签发日期"},{"IsKey":false,"PropertyName":"CHAG_DATE2","DataType":"string","Unit":"无","Description":null,"Nullable":true,"RegularExp":null,"LangStr":"变更令签发日期"},{"IsKey":false,"PropertyName":"FILE_FSET","DataType":"string","Unit":"无","Description":null,"Nullable":true,"RegularExp":null,"LangStr":"关联文件（现场日志表）"}],"LangStr":"围岩变更"},{"Code":"EPCD","Desctiption":null,"PropertyContainer":[{"IsKey":false,"PropertyName":"EP_CHAI","DataType":"string","Unit":"无","Description":null,"Nullable":true,"RegularExp":null,"LangStr":"掌子面桩号"},{"IsKey":false,"PropertyName":"EP_SSS","DataType":"decimal","Unit":"无","Description":null,"Nullable":true,"RegularExp":null,"LangStr":"Ⅰ台阶步长"},{"IsKey":false,"PropertyName":"EP_XSS","DataType":"decimal","Unit":"无","Description":null,"Nullable":true,"RegularExp":null,"LangStr":"Ⅱ台阶步长"},{"IsKey":false,"PropertyName":"EP_PSS","DataType":"decimal","Unit":"无","Description":null,"Nullable":true,"RegularExp":null,"LangStr":"Ⅲ台阶步长"},{"IsKey":false,"PropertyName":"EP_EH","DataType":"string","Unit":"无","Description":null,"Nullable":true,"RegularExp":null,"LangStr":"开挖高度"},{"IsKey":false,"PropertyName":"EP_EW","DataType":"string","Unit":"无","Description":null,"Nullable":true,"RegularExp":null,"LangStr":"开挖宽度"},{"IsKey":false,"PropertyName":"EP_CYCF","DataType":"string","Unit":"无","Description":null,"Nullable":true,"RegularExp":null,"LangStr":"循环进尺"}],"LangStr":"CD法开挖参数"},{"Code":"EPEM","Desctiption":null,"PropertyContainer":[{"IsKey":false,"PropertyName":"EP_CHAI","DataType":"string","Unit":"无","Description":null,"Nullable":true,"RegularExp":null,"LangStr":"掌子面桩号"},{"IsKey":false,"PropertyName":"EP_SS","DataType":"decimal","Unit":"无","Description":null,"Nullable":true,"RegularExp":null,"LangStr":"台阶步长"},{"IsKey":false,"PropertyName":"EP_EH","DataType":"string","Unit":"无","Description":null,"Nullable":true,"RegularExp":null,"LangStr":"开挖高度"},{"IsKey":false,"PropertyName":"EP_EW","DataType":"string","Unit":"无","Description":null,"Nullable":true,"RegularExp":null,"LangStr":"开挖宽度"},{"IsKey":false,"PropertyName":"EP_CYCF","DataType":"string","Unit":"无","Description":null,"Nullable":true,"RegularExp":null,"LangStr":"循环进尺"}],"LangStr":"二台阶开挖参数"},{"Code":"EPQM","Desctiption":null,"PropertyContainer":[{"IsKey":false,"PropertyName":"EP_CHAI","DataType":"string","Unit":"无","Description":null,"Nullable":true,"RegularExp":null,"LangStr":"掌子面桩号"},{"IsKey":false,"PropertyName":"EP_EH","DataType":"string","Unit":"无","Description":null,"Nullable":true,"RegularExp":null,"LangStr":"开挖高度"},{"IsKey":false,"PropertyName":"EP_EW","DataType":"string","Unit":"无","Description":null,"Nullable":true,"RegularExp":null,"LangStr":"开挖宽度"},{"IsKey":false,"PropertyName":"EP_CYCF","DataType":"string","Unit":"无","Description":null,"Nullable":true,"RegularExp":null,"LangStr":"循环进尺"}],"LangStr":"全断面开挖参数"},{"Code":"EPS","Desctiption":null,"PropertyContainer":[{"IsKey":false,"PropertyName":"EP_CHAI","DataType":"string","Unit":"无","Description":null,"Nullable":true,"RegularExp":null,"LangStr":"掌子面桩号"},{"IsKey":false,"PropertyName":"EP_SSS","DataType":"decimal","Unit":"无","Description":null,"Nullable":true,"RegularExp":null,"LangStr":"上台阶步长"},{"IsKey":false,"PropertyName":"EP_XSS","DataType":"decimal","Unit":"无","Description":null,"Nullable":true,"RegularExp":null,"LangStr":"中台阶步长"},{"IsKey":false,"PropertyName":"EP_EH","DataType":"string","Unit":"无","Description":null,"Nullable":true,"RegularExp":null,"LangStr":"开挖高度"},{"IsKey":false,"PropertyName":"EP_EW","DataType":"string","Unit":"无","Description":null,"Nullable":true,"RegularExp":null,"LangStr":"开挖宽度"},{"IsKey":false,"PropertyName":"EP_CYCF","DataType":"string","Unit":"无","Description":null,"Nullable":true,"RegularExp":null,"LangStr":"循环进尺"}],"LangStr":"三台阶开挖参数"},{"Code":"EPY","Desctiption":null,"PropertyContainer":[{"IsKey":false,"PropertyName":"EP_CHAI","DataType":"string","Unit":"无","Description":null,"Nullable":true,"RegularExp":null,"LangStr":"掌子面桩号"},{"IsKey":false,"PropertyName":"EP_RCSW","DataType":"decimal","Unit":"无","Description":null,"Nullable":true,"RegularExp":null,"LangStr":"预留核心土宽度"},{"IsKey":false,"PropertyName":"EP_XSS","DataType":"decimal","Unit":"无","Description":null,"Nullable":true,"RegularExp":null,"LangStr":"台阶步长"},{"IsKey":false,"PropertyName":"EP_EH","DataType":"string","Unit":"无","Description":null,"Nullable":true,"RegularExp":null,"LangStr":"开挖高度"},{"IsKey":false,"PropertyName":"EP_EW","DataType":"string","Unit":"无","Description":null,"Nullable":true,"RegularExp":null,"LangStr":"开挖宽度"},{"IsKey":false,"PropertyName":"EP_CYCF","DataType":"string","Unit":"无","Description":null,"Nullable":true,"RegularExp":null,"LangStr":"循环进尺"}],"LangStr":"预留核心土法开挖参数"},{"Code":"ES","Desctiption":null,"PropertyContainer":[{"IsKey":false,"PropertyName":"ES_NO","DataType":"string","Unit":"无","Description":null,"Nullable":true,"RegularExp":null,"LangStr":"编号"},{"IsKey":false,"PropertyName":"ES_ID","DataType":"string","Unit":"无","Description":null,"Nullable":true,"RegularExp":null,"LangStr":"ES_ID"},{"IsKey":false,"PropertyName":"ES_CHAI","DataType":"string","Unit":"无","Description":null,"Nullable":true,"RegularExp":null,"LangStr":"掌子面桩号"},{"IsKey":false,"PropertyName":"ES_INTE","DataType":"string","Unit":"无","Description":null,"Nullable":true,"RegularExp":null,"LangStr":"桩号区间"},{"IsKey":false,"PropertyName":"ES_EXCA","DataType":"string","Unit":"无","Description":null,"Nullable":true,"RegularExp":null,"LangStr":"开挖方法"},{"IsKey":false,"PropertyName":"ES_SURR","DataType":"string","Unit":"无","Description":null,"Nullable":true,"RegularExp":null,"LangStr":"设计围岩级别"},{"IsKey":false,"PropertyName":"ES_RESU","DataType":"string","Unit":"无","Description":null,"Nullable":true,"RegularExp":null,"LangStr":"预报围岩级别"},{"IsKey":false,"PropertyName":"FILE_FSET","DataType":"string","Unit":"无","Description":null,"Nullable":true,"RegularExp":null,"LangStr":"关联文件（现场日志表"}],"LangStr":"ES开挖方案"},{"Code":"GCS","Desctiption":null,"PropertyContainer":[{"IsKey":false,"PropertyName":"GCS_NO","DataType":"string","Unit":"无","Description":null,"Nullable":true,"RegularExp":null,"LangStr":"编号"},{"IsKey":false,"PropertyName":"GCS_ID","DataType":"string","Unit":"无","Description":null,"Nullable":true,"RegularExp":null,"LangStr":"GCS_ID"},{"IsKey":false,"PropertyName":"GCS_CHAI","DataType":"string","Unit":"无","Description":null,"Nullable":true,"RegularExp":null,"LangStr":"掌子面桩号"},{"IsKey":false,"PropertyName":"GCS_INTE","DataType":"string","Unit":"无","Description":null,"Nullable":true,"RegularExp":null,"LangStr":"桩号区间"},{"IsKey":false,"PropertyName":"GCS_SUPP","DataType":"string","Unit":"无","Description":null,"Nullable":true,"RegularExp":null,"LangStr":"注浆施工方案"},{"IsKey":false,"PropertyName":"GCS_SURR","DataType":"string","Unit":"无","Description":null,"Nullable":true,"RegularExp":null,"LangStr":"设计围岩级别"},{"IsKey":false,"PropertyName":"GCS_RGCSU","DataType":"string","Unit":"无","Description":null,"Nullable":true,"RegularExp":null,"LangStr":"预报围岩级别"},{"IsKey":false,"PropertyName":"FILE_FSET","DataType":"string","Unit":"无","Description":null,"Nullable":true,"RegularExp":null,"LangStr":"关联文件（现场日志表"}],"LangStr":"GCS注浆施工方案"},{"Code":"GQ","Desctiption":null,"PropertyContainer":[{"IsKey":false,"PropertyName":"GQ_NO","DataType":"string","Unit":"无","Description":null,"Nullable":true,"RegularExp":null,"LangStr":"编号"},{"IsKey":false,"PropertyName":"GQ_ID","DataType":"string","Unit":"无","Description":null,"Nullable":true,"RegularExp":null,"LangStr":"GQ_ID"},{"IsKey":false,"PropertyName":"GQ_CHAI","DataType":"string","Unit":"无","Description":null,"Nullable":true,"RegularExp":null,"LangStr":"衬砌类型"},{"IsKey":false,"PropertyName":"GQ_INTE","DataType":"string","Unit":"无","Description":null,"Nullable":true,"RegularExp":null,"LangStr":"桩号区间"},{"IsKey":false,"PropertyName":"GQ_GESC","DataType":"string","Unit":"无","Description":null,"Nullable":true,"RegularExp":null,"LangStr":"设计注浆半径"},{"IsKey":false,"PropertyName":"GQ_WATE","DataType":"string","Unit":"无","Description":null,"Nullable":true,"RegularExp":null,"LangStr":"实际注浆半径"},{"IsKey":false,"PropertyName":"GQ_SURR","DataType":"string","Unit":"无","Description":null,"Nullable":true,"RegularExp":null,"LangStr":"设计围岩级别"},{"IsKey":false,"PropertyName":"GQ_RESU","DataType":"string","Unit":"无","Description":null,"Nullable":true,"RegularExp":null,"LangStr":"预报围岩级别"},{"IsKey":false,"PropertyName":"FILE_FSET","DataType":"string","Unit":"无","Description":null,"Nullable":true,"RegularExp":null,"LangStr":"关联文件（现场日志表"}],"LangStr":"GQ注浆施工质量"},{"Code":"ILCQ","Desctiption":null,"PropertyContainer":[{"IsKey":false,"PropertyName":"ILCQ_NO","DataType":"string","Unit":"无","Description":null,"Nullable":true,"RegularExp":null,"LangStr":"编号"},{"IsKey":false,"PropertyName":"ILCQ_ID","DataType":"string","Unit":"无","Description":null,"Nullable":true,"RegularExp":null,"LangStr":"ILCQ_ID"},{"IsKey":false,"PropertyName":"ILCQ_CHAI","DataType":"string","Unit":"无","Description":null,"Nullable":true,"RegularExp":null,"LangStr":"衬砌类型"},{"IsKey":false,"PropertyName":"ILCQ_INTE","DataType":"string","Unit":"无","Description":null,"Nullable":true,"RegularExp":null,"LangStr":"桩号区间"},{"IsKey":false,"PropertyName":"ILCQ_GESC","DataType":"string","Unit":"无","Description":null,"Nullable":true,"RegularExp":null,"LangStr":"衬砌设计厚度"},{"IsKey":false,"PropertyName":"ILCQ_WATE","DataType":"string","Unit":"无","Description":null,"Nullable":true,"RegularExp":null,"LangStr":"衬砌实际厚度"},{"IsKey":false,"PropertyName":"ILCQ_SURR","DataType":"string","Unit":"无","Description":null,"Nullable":true,"RegularExp":null,"LangStr":"设计围岩级别"},{"IsKey":false,"PropertyName":"ILCQ_RESU","DataType":"string","Unit":"无","Description":null,"Nullable":true,"RegularExp":null,"LangStr":"预报围岩级别"},{"IsKey":false,"PropertyName":"FILE_FSET","DataType":"string","Unit":"无","Description":null,"Nullable":true,"RegularExp":null,"LangStr":"关联文件（现场日志表"}],"LangStr":"初衬施工质量"},{"Code":"ISP","Desctiption":null,"PropertyContainer":[{"IsKey":false,"PropertyName":"ISP_NO","DataType":"string","Unit":"无","Description":null,"Nullable":true,"RegularExp":null,"LangStr":"编号"},{"IsKey":false,"PropertyName":"ISP_ID","DataType":"string","Unit":"无","Description":null,"Nullable":true,"RegularExp":null,"LangStr":"ISP_ID"},{"IsKey":false,"PropertyName":"ISP_CHAI","DataType":"string","Unit":"无","Description":null,"Nullable":true,"RegularExp":null,"LangStr":"掌子面桩号"},{"IsKey":false,"PropertyName":"ISP_INTE","DataType":"string","Unit":"无","Description":null,"Nullable":true,"RegularExp":null,"LangStr":"桩号区间"},{"IsKey":false,"PropertyName":"ISP_SUPP","DataType":"string","Unit":"无","Description":null,"Nullable":true,"RegularExp":null,"LangStr":"初期支护方案"},{"IsKey":false,"PropertyName":"ISP_SURR","DataType":"string","Unit":"无","Description":null,"Nullable":true,"RegularExp":null,"LangStr":"设计围岩级别"},{"IsKey":false,"PropertyName":"ISP_RESU","DataType":"string","Unit":"无","Description":null,"Nullable":true,"RegularExp":null,"LangStr":"预报围岩级别"},{"IsKey":false,"PropertyName":"FILE_FSET","DataType":"string","Unit":"无","Description":null,"Nullable":true,"RegularExp":null,"LangStr":"关联文件（现场日志表"}],"LangStr":"ISP初期支护方案"},{"Code":"SCHE","Desctiption":null,"PropertyContainer":[{"IsKey":false,"PropertyName":"PROJ_ID","DataType":"string","Unit":"无","Description":null,"Nullable":true,"RegularExp":null,"LangStr":"工程ID"},{"IsKey":false,"PropertyName":"PROG_NAME","DataType":"string","Unit":"无","Description":null,"Nullable":true,"RegularExp":null,"LangStr":"标段号"},{"IsKey":false,"PropertyName":"PROG_LORR","DataType":"string","Unit":"无","Description":null,"Nullable":true,"RegularExp":null,"LangStr":"左右幅"},{"IsKey":false,"PropertyName":"PROG_DATE","DataType":"DateTime","Unit":"无","Description":null,"Nullable":true,"RegularExp":null,"LangStr":"记录时间"},{"IsKey":false,"PropertyName":"PROG_END","DataType":"string","Unit":"无","Description":null,"Nullable":true,"RegularExp":null,"LangStr":"终点桩号"},{"IsKey":false,"PropertyName":"PROG_SGJD","DataType":"string","Unit":"无","Description":null,"Nullable":true,"RegularExp":null,"LangStr":"施工面进度"},{"IsKey":false,"PropertyName":"PROG_CQJD","DataType":"string","Unit":"无","Description":null,"Nullable":true,"RegularExp":null,"LangStr":"超前支护进度"},{"IsKey":false,"PropertyName":"PROG_CCJD","DataType":"string","Unit":"无","Description":null,"Nullable":true,"RegularExp":null,"LangStr":"初衬进度"},{"IsKey":false,"PropertyName":"PROG_ECJD","DataType":"string","Unit":"无","Description":null,"Nullable":true,"RegularExp":null,"LangStr":"二衬进度"},{"IsKey":false,"PropertyName":"FILE_FSET","DataType":"string","Unit":"无","Description":null,"Nullable":true,"RegularExp":null,"LangStr":"关联文件（现场日志表）"},{"IsKey":false,"PropertyName":"PROG_YGJD","DataType":"string","Unit":"无","Description":null,"Nullable":true,"RegularExp":null,"LangStr":"仰拱进度"}],"LangStr":"施工计划进度信息"},{"Code":"SLCQ","Desctiption":null,"PropertyContainer":[{"IsKey":false,"PropertyName":"SLCQ_NO","DataType":"string","Unit":"无","Description":null,"Nullable":true,"RegularExp":null,"LangStr":"编号"},{"IsKey":false,"PropertyName":"SLCQ_ID","DataType":"string","Unit":"无","Description":null,"Nullable":true,"RegularExp":null,"LangStr":"SLCQ_ID"},{"IsKey":false,"PropertyName":"SLCQ_CHAI","DataType":"string","Unit":"无","Description":null,"Nullable":true,"RegularExp":null,"LangStr":"衬砌类型"},{"IsKey":false,"PropertyName":"SLCQ_INTE","DataType":"string","Unit":"无","Description":null,"Nullable":true,"RegularExp":null,"LangStr":"桩号区间"},{"IsKey":false,"PropertyName":"SLCQ_GESC","DataType":"string","Unit":"无","Description":null,"Nullable":true,"RegularExp":null,"LangStr":"衬砌设计厚度"},{"IsKey":false,"PropertyName":"SLCQ_WATE","DataType":"string","Unit":"无","Description":null,"Nullable":true,"RegularExp":null,"LangStr":"衬砌实际厚度"},{"IsKey":false,"PropertyName":"SLCQ_SURR","DataType":"string","Unit":"无","Description":null,"Nullable":true,"RegularExp":null,"LangStr":"设计围岩级别"},{"IsKey":false,"PropertyName":"SLCQ_RESU","DataType":"string","Unit":"无","Description":null,"Nullable":true,"RegularExp":null,"LangStr":"预报围岩级别"},{"IsKey":false,"PropertyName":"FILE_FSET","DataType":"string","Unit":"无","Description":null,"Nullable":true,"RegularExp":null,"LangStr":"关联文件（现场日志表"}],"LangStr":"二衬施工质量"},{"Code":"SPZL","Desctiption":null,"PropertyContainer":[{"IsKey":false,"PropertyName":"SPZL_SECTION","DataType":"string","Unit":"无","Description":null,"Nullable":true,"RegularExp":null,"LangStr":"标段号"},{"IsKey":false,"PropertyName":"SPZL_UPLOADER","DataType":"string","Unit":"无","Description":null,"Nullable":true,"RegularExp":null,"LangStr":"上传者"},{"IsKey":false,"PropertyName":"SPZL_DATE","DataType":"DateTime","Unit":"无","Description":null,"Nullable":true,"RegularExp":null,"LangStr":"视频时间"},{"IsKey":false,"PropertyName":"SPZL_ZHQJ","DataType":"string","Unit":"无","Description":null,"Nullable":true,"RegularExp":null,"LangStr":"桩号区间"},{"IsKey":false,"PropertyName":"SPZL_SPMC","DataType":"string","Unit":"无","Description":null,"Nullable":true,"RegularExp":null,"LangStr":"视频名称"},{"IsKey":false,"PropertyName":"SPZL_DISC","DataType":"string","Unit":"无","Description":null,"Nullable":true,"RegularExp":null,"LangStr":"视频描述"},{"IsKey":false,"PropertyName":"FILE_FSET","DataType":"string","Unit":"无","Description":null,"Nullable":true,"RegularExp":null,"LangStr":"关联文件（现场日志表）"}],"LangStr":"图片资料"},{"Code":"SSP","Desctiption":null,"PropertyContainer":[{"IsKey":false,"PropertyName":"SSP_NO","DataType":"string","Unit":"无","Description":null,"Nullable":true,"RegularExp":null,"LangStr":"编号"},{"IsKey":false,"PropertyName":"SSP_ID","DataType":"string","Unit":"无","Description":null,"Nullable":true,"RegularExp":null,"LangStr":"SSP_ID"},{"IsKey":false,"PropertyName":"SSP_CHAI","DataType":"string","Unit":"无","Description":null,"Nullable":true,"RegularExp":null,"LangStr":"掌子面桩号"},{"IsKey":false,"PropertyName":"SSP_INTE","DataType":"string","Unit":"无","Description":null,"Nullable":true,"RegularExp":null,"LangStr":"桩号区间"},{"IsKey":false,"PropertyName":"SSP_SUPP","DataType":"string","Unit":"无","Description":null,"Nullable":true,"RegularExp":null,"LangStr":"二次支护方案"},{"IsKey":false,"PropertyName":"SSP_SURR","DataType":"string","Unit":"无","Description":null,"Nullable":true,"RegularExp":null,"LangStr":"设计围岩级别"},{"IsKey":false,"PropertyName":"SSP_RSSPU","DataType":"string","Unit":"无","Description":null,"Nullable":true,"RegularExp":null,"LangStr":"预报围岩级别"},{"IsKey":false,"PropertyName":"FILE_FSET","DataType":"string","Unit":"无","Description":null,"Nullable":true,"RegularExp":null,"LangStr":"关联文件（现场日志表"}],"LangStr":"二次支护方案"},{"Code":"TPQ","Desctiption":null,"PropertyContainer":[{"IsKey":false,"PropertyName":"TPQ_NO","DataType":"string","Unit":"无","Description":null,"Nullable":true,"RegularExp":null,"LangStr":"编号"},{"IsKey":false,"PropertyName":"TPQ_ID","DataType":"string","Unit":"无","Description":null,"Nullable":true,"RegularExp":null,"LangStr":"TPQ_ID"},{"IsKey":false,"PropertyName":"TPQ_CHAI","DataType":"string","Unit":"无","Description":null,"Nullable":true,"RegularExp":null,"LangStr":"锚杆类型"},{"IsKey":false,"PropertyName":"TPQ_INTE","DataType":"string","Unit":"无","Description":null,"Nullable":true,"RegularExp":null,"LangStr":"桩号区间"},{"IsKey":false,"PropertyName":"TPQ_GESC","DataType":"string","Unit":"无","Description":null,"Nullable":true,"RegularExp":null,"LangStr":"锚杆设计数量"},{"IsKey":false,"PropertyName":"TPQ_WATE","DataType":"string","Unit":"无","Description":null,"Nullable":true,"RegularExp":null,"LangStr":"锚杆实际数量"},{"IsKey":false,"PropertyName":"TPQ_SURR","DataType":"string","Unit":"无","Description":null,"Nullable":true,"RegularExp":null,"LangStr":"锚杆设计长度"},{"IsKey":false,"PropertyName":"TPQ_RESU","DataType":"string","Unit":"无","Description":null,"Nullable":true,"RegularExp":null,"LangStr":"锚杆实际长度"},{"IsKey":false,"PropertyName":"FILE_FSET","DataType":"string","Unit":"无","Description":null,"Nullable":true,"RegularExp":null,"LangStr":"关联文件（现场日志表"}],"LangStr":"隧道路面质量"},{"Code":"TPSI","Desctiption":null,"PropertyContainer":[{"IsKey":false,"PropertyName":"TPSI_SECTION","DataType":"string","Unit":"无","Description":null,"Nullable":true,"RegularExp":null,"LangStr":"标段号"},{"IsKey":false,"PropertyName":"TPSI_CHECKER","DataType":"string","Unit":"无","Description":null,"Nullable":true,"RegularExp":null,"LangStr":"检测单位"},{"IsKey":false,"PropertyName":"TPSI_DATE","DataType":"string","Unit":"无","Description":null,"Nullable":true,"RegularExp":null,"LangStr":"检测时间"},{"IsKey":false,"PropertyName":"TPSI_ZHQJ","DataType":"string","Unit":"无","Description":null,"Nullable":true,"RegularExp":null,"LangStr":"桩号区间"},{"IsKey":false,"PropertyName":"TPSI_JCWT","DataType":"string","Unit":"无","Description":null,"Nullable":true,"RegularExp":null,"LangStr":"检测问题"},{"IsKey":false,"PropertyName":"TPSI_ZGZRR","DataType":"string","Unit":"无","Description":null,"Nullable":true,"RegularExp":null,"LangStr":"整改责任人"},{"IsKey":false,"PropertyName":"TPSI_ZGJG","DataType":"string","Unit":"无","Description":null,"Nullable":true,"RegularExp":null,"LangStr":"整改结果"},{"IsKey":false,"PropertyName":"TPSI_ZGJD","DataType":"string","Unit":"无","Description":null,"Nullable":true,"RegularExp":null,"LangStr":"整改进度"},{"IsKey":false,"PropertyName":"FILE_FSET","DataType":"string","Unit":"无","Description":null,"Nullable":true,"RegularExp":null,"LangStr":"关联文件（现场日志表）"}],"LangStr":"第三方抽检"}],"LangStr":"施工阶段"},{"Code":"Environment","Desciption":null,"DGObjectContainer":[{"Code":"CONW","Desctiption":null,"PropertyContainer":[{"IsKey":true,"PropertyName":"CONW_TOP","DataType":"string","Unit":"无","Description":null,"Nullable":false,"RegularExp":null,"LangStr":"承压水ID"},{"IsKey":false,"PropertyName":"HDPH_ID","DataType":"string","Unit":"无","Description":null,"Nullable":true,"RegularExp":null,"LangStr":"钻孔ID"},{"IsKey":false,"PropertyName":"LOCA_ID","DataType":"string","Unit":null,"Description":null,"Nullable":true,"RegularExp":null,"LangStr":"位置ID"},{"IsKey":false,"PropertyName":"STRA_ID","DataType":"string","Unit":null,"Description":null,"Nullable":true,"RegularExp":null,"LangStr":"地层ID"},{"IsKey":false,"PropertyName":"CONW_TOPD","DataType":"string","Unit":null,"Description":null,"Nullable":true,"RegularExp":null,"LangStr":"承压水位"},{"IsKey":false,"PropertyName":"CONW_STAN","DataType":"string","Unit":null,"Description":null,"Nullable":true,"RegularExp":null,"LangStr":"观察点深度"},{"IsKey":false,"PropertyName":"CONW_WATT","DataType":"string","Unit":null,"Description":null,"Nullable":true,"RegularExp":null,"LangStr":"含水层名"},{"IsKey":false,"PropertyName":"CONW_LAYE","DataType":"string","Unit":null,"Description":null,"Nullable":true,"RegularExp":null,"LangStr":"水量数据表"},{"IsKey":false,"PropertyName":"CONW_OBST","DataType":"string","Unit":"DT","Description":null,"Nullable":true,"RegularExp":null,"LangStr":"观察时间‘"}],"LangStr":"承压水"},{"Code":"DOCG","Desctiption":null,"PropertyContainer":[{"IsKey":false,"PropertyName":"PROJ_ID","DataType":"string","Unit":null,"Description":null,"Nullable":true,"RegularExp":null,"LangStr":"工程ID"},{"IsKey":false,"PropertyName":"LOCA_NATE","DataType":"decimal","Unit":null,"Description":null,"Nullable":true,"RegularExp":null,"LangStr":"X坐标"},{"IsKey":false,"PropertyName":"LOCA_NATN","DataType":"decimal","Unit":null,"Description":null,"Nullable":true,"RegularExp":null,"LangStr":"Y坐标"},{"IsKey":false,"PropertyName":"DOCG_DEPT","DataType":"decimal","Unit":null,"Description":null,"Nullable":true,"RegularExp":null,"LangStr":"埋深"},{"IsKey":false,"PropertyName":"DOCG_MEMO","DataType":"string","Unit":null,"Description":null,"Nullable":true,"RegularExp":null,"LangStr":"备注"},{"IsKey":false,"PropertyName":"FILE_FSET","DataType":"string","Unit":null,"Description":null,"Nullable":true,"RegularExp":null,"LangStr":"关联文件索引"}],"LangStr":"承压水埋深"},{"Code":"DOUG","Desctiption":null,"PropertyContainer":[{"IsKey":false,"PropertyName":"PROJ_ID","DataType":"string","Unit":null,"Description":null,"Nullable":true,"RegularExp":null,"LangStr":"工程ID"},{"IsKey":false,"PropertyName":"LOCA_NATE","DataType":"decimal","Unit":null,"Description":null,"Nullable":true,"RegularExp":null,"LangStr":"X坐标"},{"IsKey":false,"PropertyName":"LOCA_NATN","DataType":"decimal","Unit":null,"Description":null,"Nullable":true,"RegularExp":null,"LangStr":"Y坐标"},{"IsKey":false,"PropertyName":"DOUG_DEPT","DataType":"decimal","Unit":null,"Description":null,"Nullable":true,"RegularExp":null,"LangStr":"埋深"},{"IsKey":false,"PropertyName":"DOUG_MEMO","DataType":"string","Unit":null,"Description":null,"Nullable":true,"RegularExp":null,"LangStr":"备注"},{"IsKey":false,"PropertyName":"FILE_FSET","DataType":"string","Unit":null,"Description":null,"Nullable":true,"RegularExp":null,"LangStr":"关联文件索引"}],"LangStr":"潜水埋深"},{"Code":"GWSO","Desctiption":null,"PropertyContainer":[{"IsKey":false,"PropertyName":"PROJ_ID","DataType":"string","Unit":null,"Description":null,"Nullable":true,"RegularExp":null,"LangStr":"工程ID"},{"IsKey":false,"PropertyName":"GWSO_METI","DataType":"string","Unit":null,"Description":null,"Nullable":true,"RegularExp":null,"LangStr":"测量时间"},{"IsKey":false,"PropertyName":"LOCA_NATE","DataType":"decimal","Unit":null,"Description":null,"Nullable":true,"RegularExp":null,"LangStr":"X坐标"},{"IsKey":false,"PropertyName":"LOCA_NATN","DataType":"decimal","Unit":null,"Description":null,"Nullable":true,"RegularExp":null,"LangStr":"Y坐标"},{"IsKey":false,"PropertyName":"LOCA_Z","DataType":"decimal","Unit":null,"Description":null,"Nullable":true,"RegularExp":null,"LangStr":"Z坐标"},{"IsKey":false,"PropertyName":"GWSO_POLL","DataType":"string","Unit":null,"Description":null,"Nullable":true,"RegularExp":null,"LangStr":"污染物名称"},{"IsKey":false,"PropertyName":"GWSO_CONT","DataType":"decimal","Unit":null,"Description":null,"Nullable":true,"RegularExp":null,"LangStr":"污染物含量"},{"IsKey":false,"PropertyName":"FILE_FSET","DataType":"string","Unit":null,"Description":null,"Nullable":true,"RegularExp":null,"LangStr":"关联文件索引"}],"LangStr":"地下水质"},{"Code":"IMAR","Desctiption":null,"PropertyContainer":[{"IsKey":false,"PropertyName":"PROJ_ID","DataType":"string","Unit":null,"Description":null,"Nullable":true,"RegularExp":null,"LangStr":"工程ID"},{"IsKey":false,"PropertyName":"IMAR_NAME","DataType":"string","Unit":null,"Description":null,"Nullable":true,"RegularExp":null,"LangStr":"建筑物名称"},{"IsKey":false,"PropertyName":"IMAR_USE","DataType":"string","Unit":null,"Description":null,"Nullable":true,"RegularExp":null,"LangStr":"建筑物用途"},{"IsKey":false,"PropertyName":"IMAR_NRRV","DataType":"string","Unit":null,"Description":null,"Nullable":true,"RegularExp":null,"LangStr":"距离最近的河流"},{"IsKey":false,"PropertyName":"LOCA_NATE","DataType":"decimal","Unit":null,"Description":null,"Nullable":true,"RegularExp":null,"LangStr":"X坐标"},{"IsKey":false,"PropertyName":"LOCA_NATN","DataType":"decimal","Unit":null,"Description":null,"Nullable":true,"RegularExp":null,"LangStr":"Y坐标"},{"IsKey":false,"PropertyName":"LOCA_WATA","DataType":"decimal","Unit":null,"Description":null,"Nullable":true,"RegularExp":null,"LangStr":"地下水位"},{"IsKey":false,"PropertyName":"LOCA_DEOG","DataType":"decimal","Unit":null,"Description":null,"Nullable":true,"RegularExp":null,"LangStr":"地下水埋深"},{"IsKey":false,"PropertyName":"IMAR_REM","DataType":"string","Unit":null,"Description":null,"Nullable":true,"RegularExp":null,"LangStr":"备注"},{"IsKey":false,"PropertyName":"FILE_FSET","DataType":"string","Unit":null,"Description":null,"Nullable":true,"RegularExp":null,"LangStr":"关联文件索引"}],"LangStr":"重要建筑物"},{"Code":"PLRO","Desctiption":null,"PropertyContainer":[{"IsKey":false,"PropertyName":"PROJ_ID","DataType":"string","Unit":null,"Description":null,"Nullable":true,"RegularExp":null,"LangStr":"工程ID"},{"IsKey":false,"PropertyName":"PLRO_NAME","DataType":"string","Unit":null,"Description":null,"Nullable":true,"RegularExp":null,"LangStr":"植被名称"},{"IsKey":false,"PropertyName":"PLRO_LEOR","DataType":"decimal","Unit":null,"Description":null,"Nullable":true,"RegularExp":null,"LangStr":"根长"},{"IsKey":false,"PropertyName":"PLRO_TYPE","DataType":"string","Unit":null,"Description":null,"Nullable":true,"RegularExp":null,"LangStr":"根系类型"},{"IsKey":false,"PropertyName":"PLRO_USE","DataType":"string","Unit":null,"Description":null,"Nullable":true,"RegularExp":null,"LangStr":"根系作用"},{"IsKey":false,"PropertyName":"LOCA_NATE","DataType":"decimal","Unit":null,"Description":null,"Nullable":true,"RegularExp":null,"LangStr":"X坐标"},{"IsKey":false,"PropertyName":"LOCA_NATN","DataType":"decimal","Unit":null,"Description":null,"Nullable":true,"RegularExp":null,"LangStr":"Y坐标"},{"IsKey":false,"PropertyName":"PLRO_REM","DataType":"string","Unit":null,"Description":null,"Nullable":true,"RegularExp":null,"LangStr":"备注"},{"IsKey":false,"PropertyName":"FILE_FSET","DataType":"string","Unit":null,"Description":null,"Nullable":true,"RegularExp":null,"LangStr":"关联文件索引"}],"LangStr":"植被根系"},{"Code":"SWQU","Desctiption":null,"PropertyContainer":[{"IsKey":false,"PropertyName":"PROJ_ID","DataType":"string","Unit":null,"Description":null,"Nullable":true,"RegularExp":null,"LangStr":"工程ID"},{"IsKey":false,"PropertyName":"SWQU_METI","DataType":"string","Unit":null,"Description":null,"Nullable":true,"RegularExp":null,"LangStr":"测量时间"},{"IsKey":false,"PropertyName":"LOCA_NATE","DataType":"string","Unit":null,"Description":null,"Nullable":true,"RegularExp":null,"LangStr":"X坐标"},{"IsKey":false,"PropertyName":"LOCA_NATN","DataType":"string","Unit":null,"Description":null,"Nullable":true,"RegularExp":null,"LangStr":"Y坐标"},{"IsKey":false,"PropertyName":"SWQU_POLL","DataType":"string","Unit":null,"Description":null,"Nullable":true,"RegularExp":null,"LangStr":"污染物名称"},{"IsKey":false,"PropertyName":"SWQU_CONT","DataType":"string","Unit":null,"Description":null,"Nullable":true,"RegularExp":null,"LangStr":"污染物含量"},{"IsKey":false,"PropertyName":"FILE_FSET","DataType":"string","Unit":null,"Description":null,"Nullable":true,"RegularExp":null,"LangStr":"关联文件索引"}],"LangStr":"地表水质"},{"Code":"SWSO","Desctiption":null,"PropertyContainer":[{"IsKey":false,"PropertyName":"PROJ_ID","DataType":"string","Unit":null,"Description":null,"Nullable":true,"RegularExp":null,"LangStr":"工程ID"},{"IsKey":false,"PropertyName":"SWSO_NAME","DataType":"string","Unit":null,"Description":null,"Nullable":true,"RegularExp":null,"LangStr":"水源名称"},{"IsKey":false,"PropertyName":"SWSO_LOCA","DataType":"string","Unit":null,"Description":null,"Nullable":true,"RegularExp":null,"LangStr":"地理位置"},{"IsKey":false,"PropertyName":"SWSO_SYS","DataType":"string","Unit":null,"Description":null,"Nullable":true,"RegularExp":null,"LangStr":"所属水系"},{"IsKey":false,"PropertyName":"SWSO_LENG","DataType":"int","Unit":null,"Description":null,"Nullable":true,"RegularExp":null,"LangStr":"水源长度"},{"IsKey":false,"PropertyName":"SWSO_CFAR","DataType":"int","Unit":null,"Description":null,"Nullable":true,"RegularExp":null,"LangStr":"汇流面积"},{"IsKey":false,"PropertyName":"FILE_FSET","DataType":"string","Unit":null,"Description":null,"Nullable":true,"RegularExp":null,"LangStr":"关联文件索引"}],"LangStr":"地表水源"},{"Code":"TUEG","Desctiption":null,"PropertyContainer":[{"IsKey":false,"PropertyName":"PROJ_ID","DataType":"string","Unit":null,"Description":null,"Nullable":true,"RegularExp":null,"LangStr":"工程ID"},{"IsKey":false,"PropertyName":"TUEG_COMP","DataType":"string","Unit":null,"Description":null,"Nullable":true,"RegularExp":null,"LangStr":"洞渣主要成分"},{"IsKey":false,"PropertyName":"TUEG_PH","DataType":"decimal","Unit":null,"Description":null,"Nullable":true,"RegularExp":null,"LangStr":"洞渣PH值"},{"IsKey":false,"PropertyName":"TUEG_RATE","DataType":"decimal","Unit":null,"Description":null,"Nullable":true,"RegularExp":null,"LangStr":"洞渣利用率"},{"IsKey":false,"PropertyName":"PLRO_REM","DataType":"string","Unit":null,"Description":null,"Nullable":true,"RegularExp":null,"LangStr":"备注"},{"IsKey":false,"PropertyName":"FILE_FSET","DataType":"string","Unit":null,"Description":null,"Nullable":true,"RegularExp":null,"LangStr":"关联文件索引"}],"LangStr":"开挖洞渣"},{"Code":"WASS","Desctiption":null,"PropertyContainer":[{"IsKey":false,"PropertyName":"PROJ_ID","DataType":"string","Unit":null,"Description":null,"Nullable":true,"RegularExp":null,"LangStr":"工程ID"},{"IsKey":false,"PropertyName":"WASS_LOCA","DataType":"string","Unit":null,"Description":null,"Nullable":true,"RegularExp":null,"LangStr":"弃渣场地位置"},{"IsKey":false,"PropertyName":"WASS_MILG","DataType":"string","Unit":null,"Description":null,"Nullable":true,"RegularExp":null,"LangStr":"弃渣场管辖桩号范围"},{"IsKey":false,"PropertyName":"PLRO_REM","DataType":"string","Unit":null,"Description":null,"Nullable":true,"RegularExp":null,"LangStr":"备注"},{"IsKey":false,"PropertyName":"FILE_FSET","DataType":"string","Unit":null,"Description":null,"Nullable":true,"RegularExp":null,"LangStr":"关联文件索引"}],"LangStr":"弃渣场地"},{"Code":"WATP","Desctiption":null,"PropertyContainer":[{"IsKey":false,"PropertyName":"WATP_ID","DataType":"string","Unit":null,"Description":null,"Nullable":true,"RegularExp":null,"LangStr":"水质信息ID"},{"IsKey":false,"PropertyName":"STRA_ID","DataType":"string","Unit":null,"Description":null,"Nullable":true,"RegularExp":null,"LangStr":"地层ID"},{"IsKey":false,"PropertyName":"HDPH_ID","DataType":"string","Unit":null,"Description":null,"Nullable":true,"RegularExp":null,"LangStr":"钻孔ID"},{"IsKey":false,"PropertyName":"WATP_Cl","DataType":"double","Unit":null,"Description":null,"Nullable":true,"RegularExp":null,"LangStr":"氯离子浓度"},{"IsKey":false,"PropertyName":"WATP_SO4","DataType":"double","Unit":null,"Description":null,"Nullable":true,"RegularExp":null,"LangStr":"SO4浓度"},{"IsKey":false,"PropertyName":"WATP_MG","DataType":"double","Unit":null,"Description":null,"Nullable":true,"RegularExp":null,"LangStr":"Mg浓度"},{"IsKey":false,"PropertyName":"WATP_NH","DataType":"double","Unit":null,"Description":null,"Nullable":true,"RegularExp":null,"LangStr":"NH浓度"},{"IsKey":false,"PropertyName":"WATP_PH","DataType":"double","Unit":null,"Description":null,"Nullable":true,"RegularExp":null,"LangStr":"pH浓度"},{"IsKey":false,"PropertyName":"WATP_CO2","DataType":"double","Unit":null,"Description":null,"Nullable":true,"RegularExp":null,"LangStr":"CO2浓度"}],"LangStr":"水质信息"}],"LangStr":"周边环境"}],"LangStr":null}