{"Tunnels":
	[
	{"TunnelType":"LongTunnel",
		"Stages":
		[
			{
				"StageName":"Exploration",
				"Categories":
				[
					{
						"CategoryName":"BasicInformation",
						"objList":
						[
							"PROJ",
							"PEOP",
							"ORGA",
							"LOCA",
							"SHAP",
							"FILE"
						],
						"LangStr":"基础数据表"
					},
					{
					 	"CategoryName":"GeologicalMapping",
						"objList":
						[
							"HYDR",
							"RIVR",
							"RSVR",
							"AERP",
							"IRSI",
							"GRMI",
							"GMPG",
							"COTR",
							"PHYP",
							"MECP",
							"ATTD",
							"FAUL",
							"FOLD",
							"DISC",
							"FRAC",
							"SPEC",
							"AGEO",
							"GETD",
							"EPRO",
							"STRA"
						],
			 			"LangStr":"地质调绘"
					},
					{
					 	"CategoryName":"GeologicalExploration",
						"objList":
						[
							"HDPH",
							"HDPF",
							"CORE",
							"HYDW",
							"HYWA",
							"SAMP",
							"SPEC",
							"GEBI"
						],
			 			"LangStr":"地质勘探"
					},
					{
					 	"CategoryName":"InSituTest",
						"objList":
						[
							"PLTG",
							"FDST",
							"DYNP",
							"GROS",
							"PDSP",
							"WAVE",
							"PUMP",
							"PREW",
							"INJC"
						],
			 			"LangStr":"原位试验"
					},
					{
					 	"CategoryName":"InDoorTest",
						"objList":
						[
							"RMDT",
							"RDEN",
							"MOIS",
							"AWAD",
							"DSTG",
							"EXPA",
							"FREZ",
							"RUCS",
							"TTES",
							"TTTS",
							"RSHT",
							"RTST",
							"RPLT",
							"WAVE_S",
							"CHEM"
						],
			 			"LangStr":"室内试验"
					},
				],
				"LangStr":"勘察阶段"
			},
			{
				"StageName":"Construction",
				"Categories":
				[
					{
						"CategoryName":"SupplementaryInvestigation",
						"objList":
						["SUSS",],
						"LangStr":"补充调查",
					},
					{
						"CategoryName":"ConstructionInformatica",
						"objList":
						[
							"ACHE",
"AD",
"ARCQ",
"ASP",
"CHAG",
"EPCD",
"EPEM",
"EPQM",
"EPS",
"EPY",
"ES",
"GCS",
"GQ",
"ILCQ",
"ISP",
"SCHE",
"SLCQ",
"SPZL",
"SSP",
"TPQ",
"TPSI"
						],
						"LangStr":"施工信息",
					},
					{
						"CategoryName":"AdvancedGeologicalExploration",
						"objList":
						[							
							"GFBI",
							"GEPR",
							"DFBI",
							"DFRA",
							"DHFI",
							"GPSI"
						],
						"LangStr":"超前地质勘探"
					},
					{
						"CategoryName":
						"TunnelFaceInformation",
						"objList":
						[							
							"TFSI",
							"TFSR"
							
						],
						"LangStr":"掌子面信息"
					},
					{
						"CategoryName":
						"OutFlow",
						"objList":
						[							
							"TWIS"					
						],
						"LangStr":"涌水信息"
					},
				],
				"LangStr":"施工阶段"
			}

		],
	"LangStr":"长隧道"
	},
	{"TunnelType":"ExtraLongTunnel",
		"Stages":
		[
			{
				"StageName":"Exploration",
				"Categories":
				[
					{
						"CategoryName":"BasicInformation",
						"objList":
						[
							"PROJ",
							"PEOP",
							"ORGA",
							"LOCA",
							"SHAP",
							"FILE"
						],
						"LangStr":"基础数据表"
					},
					{
					 	"CategoryName":"GeologicalMapping",
						"objList":
						[
							"HYDR",
							"RIVR",
							"RSVR",
							"AERP",
							"IRSI",
							"GRMI",
							"GMPG",
							"COTR",
							"PHYP",
							"MECP",
							"ATTD",
							"FAUL",
							"FOLD",
							"DISC",
							"FRAC",
							"SPEC",
							"AGEO",
							"GETD",
							"EPRO"
						],
			 			"LangStr":"地质调绘"
					},
					{
					 	"CategoryName":"GeologicalExploration",
						"objList":
						[
							"HDPH",
							"HDPF",
							"CORE",
							"HYDW",
							"HYWA",
							"SAMP",
							"SPEC",
							"GEBI"
						],
			 			"LangStr":"地质勘探"
					},
					{
					 	"CategoryName":"InSituTest",
						"objList":
						[
							"PLTG",
							"FDST",
							"DYNP",
							"GROS",
							"PDSP",
							"WAVE",
							"PUMP",
							"PREW",
							"INJC"
						],
			 			"LangStr":"原位试验"
					},
					{
					 	"CategoryName":"InDoorTest",
						"objList":
						[
							"RMDT",
							"RDEN",
							"MOIS",
							"AWAD",
							"DSTG",
							"EXPA",
							"FREZ",
							"RUCS",
							"TTES",
							"TTTS",
							"RSHT",
							"RTST",
							"RPLT",
							"WAVE_S",
							"CHEM"
						],
			 			"LangStr":"室内试验"
					},
				],
				"LangStr":"勘察阶段"
			},
			{
				"StageName":"Construction",
				"Categories":
				[
					{
						"CategoryName":"SupplementaryInvestigation",
						"objList":
						["SUSS",],
						"LangStr":"补充调查",
					},
					{
						"CategoryName":"AdvancedGeologicalExploration",
						"objList":
						[							
							"GFBI",
							"GEPR",
							"DFBI",
							"DFRA",
							"DHFI",
							"GPSI"
						],
						"LangStr":"超前地质勘探"
					},
					{
						"CategoryName":
						"TunnelFaceInformation",
						"objList":
						[							
							"TFSI",
							"TFSR"
							
						],
						"LangStr":"掌子面信息"
					},
					{
						"CategoryName":
						"OutFlow",
						"objList":
						[							
							"TWIS"					
						],
						"LangStr":"涌水信息"
					},
				],
				"LangStr":"施工阶段"
			}

		],
	"LangStr":"特长隧道"
	},
	{"TunnelType":"MiddleTunnel",
		"Stages":
		[
			{
				"StageName":"Exploration",
				"Categories":
				[
					{
						"CategoryName":"BasicInformation",
						"objList":
						[
							"PROJ",
							"PEOP",
							"ORGA",
							"LOCA",
							"SHAP",
							"FILE"
						],
						"LangStr":"基础数据表"
					},
					{
					 	"CategoryName":"GeologicalMapping",
						"objList":
						[
							"HYDR",
							"RIVR",
							"RSVR",
							"AERP",
							"IRSI",
							"GRMI",
							"GMPG",
							"COTR",
							"PHYP",
							"MECP",
							"ATTD",
							"FAUL",
							"FOLD",
							"DISC",
							"FRAC",
							"SPEC",
							"AGEO",
							"GETD",
							"EPRO"
						],
			 			"LangStr":"地质调绘"
					},
					{
					 	"CategoryName":"GeologicalExploration",
						"objList":
						[
							"HDPH",
							"HDPF",
							"CORE",
							"HYDW",
							"HYWA",
							"SAMP",
							"SPEC",
							"GEBI"
						],
			 			"LangStr":"地质勘探"
					},
					{
					 	"CategoryName":"InSituTest",
						"objList":
						[
							"PLTG",
							"FDST",
							"DYNP",
							"GROS",
							"PDSP",
							"WAVE",
							"PUMP",
							"PREW",
							"INJC"
						],
			 			"LangStr":"原位试验"
					},
					{
					 	"CategoryName":"InDoorTest",
						"objList":
						[
							"RMDT",
							"RDEN",
							"MOIS",
							"AWAD",
							"DSTG",
							"EXPA",
							"FREZ",
							"RUCS",
							"TTES",
							"TTTS",
							"RSHT",
							"RTST",
							"RPLT",
							"WAVE_S",
							"CHEM"
						],
			 			"LangStr":"室内试验"
					},
				],
				"LangStr":"勘察阶段"
			},
			{
				"StageName":"Construction",
				"Categories":
				[
					{
						"CategoryName":"SupplementaryInvestigation",
						"objList":
						["SUSS",],
						"LangStr":"补充调查",
					},
					{
						"CategoryName":"AdvancedGeologicalExploration",
						"objList":
						[							
							"GFBI",
							"GEPR",
							"DFBI",
							"DFRA",
							"DHFI",
							"GPSI"
						],
						"LangStr":"超前地质勘探"
					},
					{
						"CategoryName":
						"TunnelFaceInformation",
						"objList":
						[							
							"TFSI",
							"TFSR"
							
						],
						"LangStr":"掌子面信息"
					},
					{
						"CategoryName":
						"OutFlow",
						"objList":
						[							
							"TWIS"					
						],
						"LangStr":"涌水信息"
					},
				],
				"LangStr":"施工阶段"
			}

		],
	"LangStr":"中隧道"
	},
	{"TunnelType":"ShortTunnel",
		"Stages":
		[
			{
				"StageName":"Exploration",
				"Categories":
				[
					{
						"CategoryName":"BasicInformation",
						"objList":
						[
							"PROJ",
							"PEOP",
							"ORGA",
							"LOCA",
							"SHAP",
							"FILE"
						],
						"LangStr":"基础数据表"
					},
					{
					 	"CategoryName":"GeologicalMapping",
						"objList":
						[
							"HYDR",
							"RIVR",
							"RSVR",
							"AERP",
							"IRSI",
							"GRMI",
							"GMPG",
							"COTR",
							"PHYP",
							"MECP",
							"ATTD",
							"FAUL",
							"FOLD",
							"DISC",
							"FRAC",
							"SPEC",
							"AGEO",
							"GETD",
							"EPRO"
						],
			 			"LangStr":"地质调绘"
					},
					{
					 	"CategoryName":"GeologicalExploration",
						"objList":
						[
							"HDPH",
							"HDPF",
							"CORE",
							"HYDW",
							"HYWA",
							"SAMP",
							"SPEC",
							"GEBI"
						],
			 			"LangStr":"地质勘探"
					},
					{
					 	"CategoryName":"InSituTest",
						"objList":
						[
							"PLTG",
							"FDST",
							"DYNP",
							"GROS",
							"PDSP",
							"WAVE",
							"PUMP",
							"PREW",
							"INJC"
						],
			 			"LangStr":"原位试验"
					},
					{
					 	"CategoryName":"InDoorTest",
						"objList":
						[
							"RMDT",
							"RDEN",
							"MOIS",
							"AWAD",
							"DSTG",
							"EXPA",
							"FREZ",
							"RUCS",
							"TTES",
							"TTTS",
							"RSHT",
							"RTST",
							"RPLT",
							"WAVE_S",
							"CHEM"
						],
			 			"LangStr":"室内试验"
					},
				],
				"LangStr":"勘察阶段"
			},
			{
				"StageName":"Construction",
				"Categories":
				[
					{
						"CategoryName":"SupplementaryInvestigation",
						"objList":
						["SUSS",],
						"LangStr":"补充调查",
					},
					{
						"CategoryName":"AdvancedGeologicalExploration",
						"objList":
						[							
							"GFBI",
							"GEPR",
							"DFBI",
							"DFRA",
							"DHFI",
							"GPSI"
						],
						"LangStr":"超前地质勘探"
					},
					{
						"CategoryName":
						"TunnelFaceInformation",
						"objList":
						[							
							"TFSI",
							"TFSR"
							
						],
						"LangStr":"掌子面信息"
					},
					{
						"CategoryName":
						"OutFlow",
						"objList":
						[							
							"TWIS"					
						],
						"LangStr":"涌水信息"
					},
				],
				"LangStr":"施工阶段"
			}

		],
	"LangStr":"短隧道"
	}
	]
}