﻿{"Code":"Monitoring","Description":null,"DomainContainer":[{"Code":"Monitoring","Desciption":null,"DGObjectContainer":[{"Code":"FILE","Desctiption":null,"PropertyContainer":[{"IsKey":true,"PropertyName":"FILE_FSET","DataType":"string","Unit":"无","Description":null,"Nullable":true,"RegularExp":"","LangStr":"文件集引用"},{"IsKey":true,"PropertyName":"FILE_UUID","DataType":"string","Unit":"无","Description":null,"Nullable":true,"RegularExp":null,"LangStr":"文件唯一标识ID"},{"IsKey":false,"PropertyName":"FILE_PATH","DataType":"string","Unit":"无","Description":null,"Nullable":true,"RegularExp":"","LangStr":"文件路径"},{"IsKey":true,"PropertyName":"FILE_NAME","DataType":"string","Unit":"无","Description":null,"Nullable":true,"RegularExp":"","LangStr":"文件名"},{"IsKey":false,"PropertyName":"FILE_DESC","DataType":"string","Unit":"无","Description":null,"Nullable":true,"RegularExp":"","LangStr":"内容描述"},{"IsKey":false,"PropertyName":"FILE_TYPE","DataType":"string","Unit":"无","Description":null,"Nullable":true,"RegularExp":"","LangStr":"文件格式"},{"IsKey":false,"PropertyName":"FILE_PROG","DataType":"string","Unit":"无","Description":null,"Nullable":true,"RegularExp":"","LangStr":"设计程序和版本号"},{"IsKey":false,"PropertyName":"FILE_DOCT","DataType":"string","Unit":"无","Description":null,"Nullable":true,"RegularExp":"","LangStr":"文件类型"},{"IsKey":false,"PropertyName":"FILE_DATE","DataType":"DT","Unit":"DT","Description":null,"Nullable":true,"RegularExp":"^(?:(?!0000)[0-9]{4}([-/.]?)(?:(?:0?[1-9]|1[0-2])\\1(?:0?[1-9]|1[0-9]|2[0-8])|(?:0?[13-9]|1[0-2])\\1(?:29|30)|(?:0?[13578]|1[02])\\1(?:31))|(?:[0-9]{2}(?:0[48]|[2468][048]|[13579][26])|(?:0[48]|[2468][048]|[13579][26])00)([-/.]?)0?2\\2(?:29))T(([1-9]{1})|([0-1][0-9])|([1-2][0-3])):([0-5][0-9])$","LangStr":"时间"}],"LangStr":"关联文件"},{"Code":"MONE","Desctiption":null,"PropertyContainer":[{"IsKey":true,"PropertyName":"MONE_ID","DataType":"string","Unit":null,"Description":null,"Nullable":true,"RegularExp":null,"LangStr":"监测仪器ID"},{"IsKey":false,"PropertyName":"MONE_NAME","DataType":"string","Unit":null,"Description":null,"Nullable":true,"RegularExp":null,"LangStr":"仪器名称"},{"IsKey":false,"PropertyName":"MONE_UNIN","DataType":"string","Unit":null,"Description":null,"Nullable":true,"RegularExp":null,"LangStr":"单位名称"},{"IsKey":false,"PropertyName":"MONE_MARK","DataType":"string","Unit":null,"Description":null,"Nullable":true,"RegularExp":null,"LangStr":"备注信息"}],"LangStr":"监测仪器"},{"Code":"MONG","Desctiption":null,"PropertyContainer":[{"IsKey":true,"PropertyName":"MONG_ID","DataType":"string","Unit":null,"Description":null,"Nullable":true,"RegularExp":null,"LangStr":"监测组ID"},{"IsKey":false,"PropertyName":"MONG_NAME","DataType":"string","Unit":null,"Description":null,"Nullable":true,"RegularExp":null,"LangStr":"监测组名"},{"IsKey":false,"PropertyName":"MONG_TYPE","DataType":"string","Unit":null,"Description":null,"Nullable":true,"RegularExp":null,"LangStr":"监测组类型"},{"IsKey":false,"PropertyName":"MONJ_ID","DataType":"string","Unit":null,"Description":null,"Nullable":true,"RegularExp":null,"LangStr":"检测项目ID"},{"IsKey":false,"PropertyName":"MONG_REFS","DataType":"string","Unit":null,"Description":"RefSpecification","Nullable":true,"RegularExp":null,"LangStr":"参考规格"},{"IsKey":false,"PropertyName":"MONG_MARK","DataType":"string","Unit":null,"Description":null,"Nullable":true,"RegularExp":null,"LangStr":"备注"}],"LangStr":"监测组"},{"Code":"MONP","Desctiption":null,"PropertyContainer":[{"IsKey":false,"PropertyName":"MONP_ID","DataType":"string","Unit":null,"Description":null,"Nullable":true,"RegularExp":null,"LangStr":"监测点ID"},{"IsKey":false,"PropertyName":"MONG_ID","DataType":"string","Unit":null,"Description":null,"Nullable":true,"RegularExp":null,"LangStr":"监测组ID"},{"IsKey":false,"PropertyName":"MONP_TYPE","DataType":"string","Unit":null,"Description":null,"Nullable":true,"RegularExp":null,"LangStr":"监测点类型"},{"IsKey":false,"PropertyName":"LOCA_NATE","DataType":"string","Unit":null,"Description":null,"Nullable":true,"RegularExp":null,"LangStr":"X坐标（东）"},{"IsKey":false,"PropertyName":"LOCA_NATN","DataType":"string","Unit":null,"Description":null,"Nullable":true,"RegularExp":null,"LangStr":"Y坐标（北）"},{"IsKey":false,"PropertyName":"LOCA_Z","DataType":"string","Unit":null,"Description":null,"Nullable":true,"RegularExp":null,"LangStr":"Z坐标"},{"IsKey":false,"PropertyName":"MONP_SENN","DataType":"string","Unit":null,"Description":null,"Nullable":true,"RegularExp":null,"LangStr":"传感器名称"},{"IsKey":false,"PropertyName":"MONP_INTT","DataType":"string","Unit":null,"Description":null,"Nullable":true,"RegularExp":null,"LangStr":"监测起始时间"},{"IsKey":false,"PropertyName":"MONP_MARK","DataType":"string","Unit":null,"Description":null,"Nullable":true,"RegularExp":null,"LangStr":"备注信息"},{"IsKey":false,"PropertyName":"IniValue","DataType":"string","Unit":null,"Description":null,"Nullable":true,"RegularExp":null,"LangStr":"IniValue"},{"IsKey":false,"PropertyName":"PerInfoID","DataType":"string","Unit":null,"Description":null,"Nullable":true,"RegularExp":null,"LangStr":"PerInfoID"}],"LangStr":"监测点"},{"Code":"MOND","Desctiption":null,"PropertyContainer":[{"IsKey":true,"PropertyName":"MOND_ID","DataType":"string","Unit":null,"Description":null,"Nullable":true,"RegularExp":null,"LangStr":"监测数据ID"},{"IsKey":false,"PropertyName":"MONP_ID","DataType":"string","Unit":null,"Description":null,"Nullable":true,"RegularExp":null,"LangStr":"监测点ID"},{"IsKey":false,"PropertyName":"MOND_UNIT","DataType":"string","Unit":null,"Description":null,"Nullable":true,"RegularExp":null,"LangStr":"数据单位"},{"IsKey":false,"PropertyName":"MOND_VALU","DataType":"string","Unit":null,"Description":null,"Nullable":true,"RegularExp":null,"LangStr":"监测数值"},{"IsKey":false,"PropertyName":"MOND_READ","DataType":"string","Unit":null,"Description":null,"Nullable":true,"RegularExp":null,"LangStr":"监测读书"},{"IsKey":false,"PropertyName":"MOND_TIME","DataType":"DT","Unit":null,"Description":null,"Nullable":true,"RegularExp":null,"LangStr":"监测时间"},{"IsKey":false,"PropertyName":"MOND_SYST","DataType":"DT","Unit":null,"Description":null,"Nullable":true,"RegularExp":null,"LangStr":"系统时间"},{"IsKey":false,"PropertyName":"FILE_FSET","DataType":"string","Unit":null,"Description":null,"Nullable":true,"RegularExp":null,"LangStr":"引用文件"}],"LangStr":"监测数据"},{"Code":"MONJ","Desctiption":null,"PropertyContainer":[{"IsKey":true,"PropertyName":"MONJ_ID","DataType":"string","Unit":null,"Description":null,"Nullable":true,"RegularExp":null,"LangStr":"监测项目ID"},{"IsKey":false,"PropertyName":"MONJ_NAME","DataType":"string","Unit":null,"Description":null,"Nullable":true,"RegularExp":null,"LangStr":"项目名称"},{"IsKey":false,"PropertyName":"MONJ_TYPE","DataType":"string","Unit":null,"Description":null,"Nullable":true,"RegularExp":null,"LangStr":"项目类型"},{"IsKey":false,"PropertyName":"MONJ_PLNF","DataType":"string","Unit":null,"Description":null,"Nullable":true,"RegularExp":null,"LangStr":"平面图"},{"IsKey":false,"PropertyName":"MONJ_MARK","DataType":"string","Unit":null,"Description":null,"Nullable":true,"RegularExp":null,"LangStr":"备注"},{"IsKey":false,"PropertyName":"UnitID","DataType":"string","Unit":null,"Description":null,"Nullable":true,"RegularExp":null,"LangStr":"UnitID"},{"IsKey":false,"PropertyName":"PerInfoID","DataType":"string","Unit":null,"Description":null,"Nullable":true,"RegularExp":null,"LangStr":"PerInfoID"},{"IsKey":false,"PropertyName":"MonInstInfoIDs","DataType":"string","Unit":null,"Description":null,"Nullable":true,"RegularExp":null,"LangStr":"MonInstInfoIDs"}],"LangStr":"监测项目"}],"LangStr":"监测信息"}],"LangStr":null}