﻿{"地层基本信息":[{"地层ID":"2-1","层顶埋深范围":null,"层底标高范围":null,"地层厚度范围":null,"平均厚度":null,"岩体完整性":null,"地层总体描述":"岩层","地层年代":"泥盆系下统","地层岩性":"灰岩","地层记录编号":null,"地层分布范围":null,"倾向":"68","倾角":"24","颜色":null,"成因类型":null,"成分":null,"结构构造":null,"风化程度":"强风化","物理参数":null,"力学参数":"800","有限元":null},{"地层ID":"2-2","层顶埋深范围":null,"层底标高范围":null,"地层厚度范围":null,"平均厚度":null,"岩体完整性":null,"地层总体描述":"岩层","地层年代":"泥盆系下统","地层岩性":"泥质粉砂岩","地层记录编号":null,"地层分布范围":null,"倾向":"68","倾角":"24","颜色":null,"成因类型":null,"成分":null,"结构构造":null,"风化程度":"强风化","物理参数":null,"力学参数":"800","有限元":null},{"地层ID":"2-1","层顶埋深范围":null,"层底标高范围":null,"地层厚度范围":null,"平均厚度":null,"岩体完整性":null,"地层总体描述":"岩层","地层年代":"泥盆系下统","地层岩性":"灰岩","地层记录编号":null,"地层分布范围":null,"倾向":"68","倾角":"24","颜色":null,"成因类型":null,"成分":null,"结构构造":null,"风化程度":"强风化","物理参数":null,"力学参数":"800","有限元":null},{"地层ID":"2-2","层顶埋深范围":null,"层底标高范围":null,"地层厚度范围":null,"平均厚度":null,"岩体完整性":null,"地层总体描述":"岩层","地层年代":"泥盆系下统","地层岩性":"泥质粉砂岩","地层记录编号":null,"地层分布范围":null,"倾向":"68","倾角":"24","颜色":null,"成因类型":null,"成分":null,"结构构造":null,"风化程度":"强风化","物理参数":null,"力学参数":"800","有限元":null},{"地层ID":"4-2","层顶埋深范围":null,"层底标高范围":null,"地层厚度范围":null,"平均厚度":null,"岩体完整性":null,"地层总体描述":"岩层","地层年代":"奥陶系上统","地层岩性":"页岩、泥岩","地层记录编号":null,"地层分布范围":null,"倾向":"116","倾角":"47","颜色":null,"成因类型":null,"成分":null,"结构构造":null,"风化程度":"中风化","物理参数":null,"力学参数":"400","有限元":null},{"地层ID":"5-1","层顶埋深范围":null,"层底标高范围":null,"地层厚度范围":null,"平均厚度":null,"岩体完整性":null,"地层总体描述":"岩层","地层年代":"奥陶系中统","地层岩性":"灰岩","地层记录编号":null,"地层分布范围":null,"倾向":"116","倾角":"47","颜色":null,"成因类型":null,"成分":null,"结构构造":null,"风化程度":"强风化","物理参数":null,"力学参数":"800","有限元":null},{"地层ID":"4-1","层顶埋深范围":null,"层底标高范围":null,"地层厚度范围":null,"平均厚度":null,"岩体完整性":null,"地层总体描述":"岩层","地层年代":"奥陶系上统","地层岩性":"钙质粉砂岩、细砂岩","地层记录编号":null,"地层分布范围":null,"倾向":"116","倾角":"47","颜色":null,"成因类型":null,"成分":null,"结构构造":null,"风化程度":"中风化","物理参数":null,"力学参数":"600","有限元":null},{"地层ID":"5-1","层顶埋深范围":null,"层底标高范围":null,"地层厚度范围":null,"平均厚度":null,"岩体完整性":null,"地层总体描述":"岩层","地层年代":"奥陶系中统","地层岩性":"灰岩","地层记录编号":null,"地层分布范围":null,"倾向":"116","倾角":"47","颜色":null,"成因类型":null,"成分":null,"结构构造":null,"风化程度":"强风化","物理参数":null,"力学参数":"800","有限元":null},{"地层ID":"5-2","层顶埋深范围":null,"层底标高范围":null,"地层厚度范围":null,"平均厚度":null,"岩体完整性":null,"地层总体描述":"岩层","地层年代":"奥陶系中统","地层岩性":"钙质粉砂岩、细砂岩","地层记录编号":null,"地层分布范围":null,"倾向":"116","倾角":"47","颜色":null,"成因类型":null,"成分":null,"结构构造":null,"风化程度":"强风化","物理参数":null,"力学参数":"600","有限元":null},{"地层ID":"6-2","层顶埋深范围":null,"层底标高范围":null,"地层厚度范围":null,"平均厚度":null,"岩体完整性":null,"地层总体描述":"岩层","地层年代":"奥陶系下统","地层岩性":"钙质粉砂岩、细砂岩","地层记录编号":null,"地层分布范围":null,"倾向":"116","倾角":"47","颜色":null,"成因类型":null,"成分":null,"结构构造":null,"风化程度":"强风化","物理参数":null,"力学参数":"600","有限元":null},{"地层ID":"6-1","层顶埋深范围":null,"层底标高范围":null,"地层厚度范围":null,"平均厚度":null,"岩体完整性":null,"地层总体描述":"岩层","地层年代":"奥陶系下统","地层岩性":"灰岩","地层记录编号":null,"地层分布范围":null,"倾向":"116","倾角":"47","颜色":null,"成因类型":null,"成分":null,"结构构造":null,"风化程度":"强风化","物理参数":null,"力学参数":"800","有限元":null},{"地层ID":"5-1","层顶埋深范围":null,"层底标高范围":null,"地层厚度范围":null,"平均厚度":null,"岩体完整性":null,"地层总体描述":"岩层","地层年代":"奥陶系中统","地层岩性":"灰岩","地层记录编号":null,"地层分布范围":null,"倾向":"88","倾角":"67","颜色":null,"成因类型":null,"成分":null,"结构构造":null,"风化程度":"强风化","物理参数":null,"力学参数":"800","有限元":null},{"地层ID":"5-2","层顶埋深范围":null,"层底标高范围":null,"地层厚度范围":null,"平均厚度":null,"岩体完整性":null,"地层总体描述":"岩层","地层年代":"奥陶系中统","地层岩性":"钙质粉砂岩、细砂岩","地层记录编号":null,"地层分布范围":null,"倾向":"88","倾角":"67","颜色":null,"成因类型":null,"成分":null,"结构构造":null,"风化程度":"强风化","物理参数":null,"力学参数":"600","有限元":null},{"地层ID":"7-2","层顶埋深范围":null,"层底标高范围":null,"地层厚度范围":null,"平均厚度":null,"岩体完整性":null,"地层总体描述":"岩层","地层年代":"寒武系上统保山组","地层岩性":"钙质粉砂岩、细砂岩","地层记录编号":null,"地层分布范围":null,"倾向":"38","倾角":"56","颜色":null,"成因类型":null,"成分":null,"结构构造":null,"风化程度":"强风化","物理参数":null,"力学参数":"600","有限元":null},{"地层ID":"7-3","层顶埋深范围":null,"层底标高范围":null,"地层厚度范围":null,"平均厚度":null,"岩体完整性":null,"地层总体描述":"岩层","地层年代":"寒武系上统保山组","地层岩性":"泥质粉砂岩","地层记录编号":null,"地层分布范围":null,"倾向":"38","倾角":"56","颜色":null,"成因类型":null,"成分":null,"结构构造":null,"风化程度":"强风化","物理参数":null,"力学参数":"800","有限元":null},{"地层ID":"7-2","层顶埋深范围":null,"层底标高范围":null,"地层厚度范围":null,"平均厚度":null,"岩体完整性":null,"地层总体描述":"岩层","地层年代":"寒武系上统保山组","地层岩性":"钙质粉砂岩、细砂岩","地层记录编号":null,"地层分布范围":null,"倾向":"38","倾角":"56","颜色":null,"成因类型":null,"成分":null,"结构构造":null,"风化程度":"强风化","物理参数":null,"力学参数":"600","有限元":null},{"地层ID":"7-1","层顶埋深范围":null,"层底标高范围":null,"地层厚度范围":null,"平均厚度":null,"岩体完整性":null,"地层总体描述":"岩层","地层年代":"寒武系上统保山组","地层岩性":"灰岩","地层记录编号":null,"地层分布范围":null,"倾向":"38","倾角":"56","颜色":null,"成因类型":null,"成分":null,"结构构造":null,"风化程度":"强风化","物理参数":null,"力学参数":"800","有限元":null},{"地层ID":"7-2","层顶埋深范围":null,"层底标高范围":null,"地层厚度范围":null,"平均厚度":null,"岩体完整性":null,"地层总体描述":"岩层","地层年代":"寒武系上统保山组","地层岩性":"钙质粉砂岩、细砂岩","地层记录编号":null,"地层分布范围":null,"倾向":"38","倾角":"56","颜色":null,"成因类型":null,"成分":null,"结构构造":null,"风化程度":"强风化","物理参数":null,"力学参数":"600","有限元":null},{"地层ID":"7-3","层顶埋深范围":null,"层底标高范围":null,"地层厚度范围":null,"平均厚度":null,"岩体完整性":null,"地层总体描述":"岩层","地层年代":"寒武系上统保山组","地层岩性":"泥质粉砂岩","地层记录编号":null,"地层分布范围":null,"倾向":"38","倾角":"56","颜色":null,"成因类型":null,"成分":null,"结构构造":null,"风化程度":"强风化","物理参数":null,"力学参数":"800","有限元":null},{"地层ID":"7-1","层顶埋深范围":null,"层底标高范围":null,"地层厚度范围":null,"平均厚度":null,"岩体完整性":null,"地层总体描述":"岩层","地层年代":"寒武系上统保山组","地层岩性":"灰岩","地层记录编号":null,"地层分布范围":null,"倾向":"38","倾角":"56","颜色":null,"成因类型":null,"成分":null,"结构构造":null,"风化程度":"强风化","物理参数":null,"力学参数":"800","有限元":null},{"地层ID":"7-2","层顶埋深范围":null,"层底标高范围":null,"地层厚度范围":null,"平均厚度":null,"岩体完整性":null,"地层总体描述":"岩层","地层年代":"寒武系上统保山组","地层岩性":"钙质粉砂岩、细砂岩","地层记录编号":null,"地层分布范围":null,"倾向":"38","倾角":"56","颜色":null,"成因类型":null,"成分":null,"结构构造":null,"风化程度":"强风化","物理参数":null,"力学参数":"600","有限元":null},{"地层ID":"7-1","层顶埋深范围":null,"层底标高范围":null,"地层厚度范围":null,"平均厚度":null,"岩体完整性":null,"地层总体描述":"岩层","地层年代":"寒武系上统保山组","地层岩性":"灰岩","地层记录编号":null,"地层分布范围":null,"倾向":"38","倾角":"56","颜色":null,"成因类型":null,"成分":null,"结构构造":null,"风化程度":"强风化","物理参数":null,"力学参数":"800","有限元":null},{"地层ID":"7-2","层顶埋深范围":null,"层底标高范围":null,"地层厚度范围":null,"平均厚度":null,"岩体完整性":null,"地层总体描述":"岩层","地层年代":"寒武系上统保山组","地层岩性":"钙质粉砂岩、细砂岩","地层记录编号":null,"地层分布范围":null,"倾向":"303","倾角":"46","颜色":null,"成因类型":null,"成分":null,"结构构造":null,"风化程度":"强风化","物理参数":null,"力学参数":"600","有限元":null},{"地层ID":"5-2","层顶埋深范围":null,"层底标高范围":null,"地层厚度范围":null,"平均厚度":null,"岩体完整性":null,"地层总体描述":"岩层","地层年代":"奥陶系中统","地层岩性":"钙质粉砂岩、细砂岩","地层记录编号":null,"地层分布范围":null,"倾向":"303","倾角":"46","颜色":null,"成因类型":null,"成分":null,"结构构造":null,"风化程度":"强风化","物理参数":null,"力学参数":"600","有限元":null},{"地层ID":"4-1","层顶埋深范围":null,"层底标高范围":null,"地层厚度范围":null,"平均厚度":null,"岩体完整性":null,"地层总体描述":"岩层","地层年代":"奥陶系上统","地层岩性":"钙质粉砂岩、细砂岩","地层记录编号":null,"地层分布范围":null,"倾向":"303","倾角":"46","颜色":null,"成因类型":null,"成分":null,"结构构造":null,"风化程度":"中风化","物理参数":null,"力学参数":"600","有限元":null},{"地层ID":"3-1","层顶埋深范围":null,"层底标高范围":null,"地层厚度范围":null,"平均厚度":null,"岩体完整性":null,"地层总体描述":"岩层","地层年代":"志留系上统","地层岩性":"灰岩","地层记录编号":null,"地层分布范围":null,"倾向":"297","倾角":"36","颜色":null,"成因类型":null,"成分":null,"结构构造":null,"风化程度":"强风化","物理参数":null,"力学参数":"800","有限元":null},{"地层ID":"1-1","层顶埋深范围":null,"层底标高范围":null,"地层厚度范围":null,"平均厚度":null,"岩体完整性":null,"地层总体描述":"土层","地层年代":"Qh","地层岩性":"砂岩、泥灰岩","地层记录编号":null,"地层分布范围":null,"倾向":null,"倾角":null,"颜色":null,"成因类型":null,"成分":null,"结构构造":null,"风化程度":"全风化","物理参数":null,"力学参数":"400","有限元":null},{"地层ID":"1-1","层顶埋深范围":null,"层底标高范围":null,"地层厚度范围":null,"平均厚度":null,"岩体完整性":null,"地层总体描述":"土层","地层年代":"Qh","地层岩性":"砂岩、泥灰岩","地层记录编号":null,"地层分布范围":null,"倾向":null,"倾角":null,"颜色":null,"成因类型":null,"成分":null,"结构构造":null,"风化程度":"全风化","物理参数":null,"力学参数":"400","有限元":null},{"地层ID":"1-2","层顶埋深范围":null,"层底标高范围":null,"地层厚度范围":null,"平均厚度":null,"岩体完整性":null,"地层总体描述":"土层","地层年代":"Qp","地层岩性":"灰岩、泥质砂岩","地层记录编号":null,"地层分布范围":null,"倾向":null,"倾角":null,"颜色":null,"成因类型":null,"成分":null,"结构构造":null,"风化程度":"强至中风化","物理参数":null,"力学参数":"500","有限元":null},{"地层ID":"F43","层顶埋深范围":null,"层底标高范围":null,"地层厚度范围":null,"平均厚度":null,"岩体完整性":null,"地层总体描述":"断层破碎带","地层年代":null,"地层岩性":"碎裂岩","地层记录编号":null,"地层分布范围":null,"倾向":null,"倾角":null,"颜色":null,"成因类型":null,"成分":null,"结构构造":null,"风化程度":null,"物理参数":null,"力学参数":null,"有限元":null},{"地层ID":"F93","层顶埋深范围":null,"层底标高范围":null,"地层厚度范围":null,"平均厚度":null,"岩体完整性":null,"地层总体描述":"断层破碎带","地层年代":null,"地层岩性":"碎裂岩","地层记录编号":null,"地层分布范围":null,"倾向":null,"倾角":null,"颜色":null,"成因类型":null,"成分":null,"结构构造":null,"风化程度":null,"物理参数":null,"力学参数":null,"有限元":null},{"地层ID":"F94","层顶埋深范围":null,"层底标高范围":null,"地层厚度范围":null,"平均厚度":null,"岩体完整性":null,"地层总体描述":"断层破碎带","地层年代":null,"地层岩性":"碎裂岩","地层记录编号":null,"地层分布范围":null,"倾向":null,"倾角":null,"颜色":null,"成因类型":null,"成分":null,"结构构造":null,"风化程度":null,"物理参数":null,"力学参数":null,"有限元":null},{"地层ID":"F90","层顶埋深范围":null,"层底标高范围":null,"地层厚度范围":null,"平均厚度":null,"岩体完整性":null,"地层总体描述":"断层破碎带","地层年代":null,"地层岩性":"碎裂岩","地层记录编号":null,"地层分布范围":null,"倾向":null,"倾角":null,"颜色":null,"成因类型":null,"成分":null,"结构构造":null,"风化程度":null,"物理参数":null,"力学参数":null,"有限元":null},{"地层ID":"F89","层顶埋深范围":null,"层底标高范围":null,"地层厚度范围":null,"平均厚度":null,"岩体完整性":null,"地层总体描述":"断层破碎带","地层年代":null,"地层岩性":"碎裂岩","地层记录编号":null,"地层分布范围":null,"倾向":null,"倾角":null,"颜色":null,"成因类型":null,"成分":null,"结构构造":null,"风化程度":null,"物理参数":null,"力学参数":null,"有限元":null}],"项目信息":[],"人员信息":[],"组织机构":[],"位置信息":[],"形状信息":[],"关联文件":[],"气象":[],"水文综合信息":[],"水系":[],"水库":[],"航空航片信息":[],"遥感解译数据表":[],"地震动信息":[],"地貌基本信息":[],"等高线":[],"物理参数数据项汇总":[],"力学参数":[],"产状信息":[],"断层信息":[{"断层ID":"DUANC1","断层名称":"阿石寨断裂","成因":null,"产状":"无","活动与否":null,"断距":null,"位移类型":null,"断层破碎带组成":"多见碎裂岩","长度":"无","与路线关系":"斜交K2+200","备注":null,"关联文件":null},{"断层ID":"DUANC2","断层名称":"红木岭干张扭性断裂","成因":null,"产状":"35°，NW∠80°","活动与否":null,"断距":null,"位移类型":null,"断层破碎带组成":"多见碎裂岩","长度":"5","与路线关系":"斜交K10+700","备注":null,"关联文件":null},{"断层ID":"DUANC3","断层名称":"阿石寨断裂","成因":null,"产状":"360°，E60°","活动与否":null,"断距":null,"位移类型":null,"断层破碎带组成":"多见碎裂岩","长度":"21","与路线关系":"近正交K1+400","备注":null,"关联文件":null},{"断层ID":"DUANC4","断层名称":"票柴坝断裂","成因":null,"产状":"280°∠40°","活动与否":null,"断距":null,"位移类型":null,"断层破碎带组成":"多见碎裂岩","长度":"26","与路线关系":"近正交K5+500","备注":null,"关联文件":null},{"断层ID":"DUANC5","断层名称":"岩箐断裂","成因":null,"产状":"280°∠75，80°","活动与否":null,"断距":null,"位移类型":null,"断层破碎带组成":"多见碎裂岩","长度":"25","与路线关系":"近正交K6+300","备注":null,"关联文件":null}],"褶皱信息":[{"褶皱ID":"ZZ1","褶皱名称":"核桃坪复背斜","褶皱类型":"背斜","成因":null,"轴面产状":null,"与路线关系":"斜交K8+000、AK8+000","线路位置":null,"备注":null,"关联文件":null}],"节理信息":[{"节理组编号":null,"节理编号":"JL1","节理类型":"斜向节理","倾角":null,"倾向":null,"小范围粗糙度Rs":null,"大范围粗糙度Rl":null,"大范围粗糙度下波长":null,"大范围粗糙度下振幅":null,"是否有溶洞":null,"节理粗糙度系数":null,"表面形貌":null,"缝宽":null,"是否填充":null,"填充物":null,"延展性":null,"节理强度":null,"风化程度":null,"渗透率评级":null,"水流流速":null,"备注":null,"关联文件":null},{"节理组编号":null,"节理编号":"JL2","节理类型":"斜向节理","倾角":null,"倾向":null,"小范围粗糙度Rs":null,"大范围粗糙度Rl":null,"大范围粗糙度下波长":null,"大范围粗糙度下振幅":null,"是否有溶洞":null,"节理粗糙度系数":null,"表面形貌":null,"缝宽":null,"是否填充":null,"填充物":null,"延展性":null,"节理强度":null,"风化程度":null,"渗透率评级":null,"水流流速":null,"备注":null,"关联文件":null},{"节理组编号":null,"节理编号":"JL3","节理类型":"斜向节理","倾角":null,"倾向":null,"小范围粗糙度Rs":null,"大范围粗糙度Rl":null,"大范围粗糙度下波长":null,"大范围粗糙度下振幅":null,"是否有溶洞":null,"节理粗糙度系数":null,"表面形貌":null,"缝宽":null,"是否填充":null,"填充物":null,"延展性":null,"节理强度":null,"风化程度":null,"渗透率评级":null,"水流流速":null,"备注":null,"关联文件":null},{"节理组编号":null,"节理编号":"JL4","节理类型":"斜向节理","倾角":null,"倾向":null,"小范围粗糙度Rs":null,"大范围粗糙度Rl":null,"大范围粗糙度下波长":null,"大范围粗糙度下振幅":null,"是否有溶洞":null,"节理粗糙度系数":null,"表面形貌":null,"缝宽":null,"是否填充":null,"填充物":null,"延展性":null,"节理强度":null,"风化程度":null,"渗透率评级":null,"水流流速":null,"备注":null,"关联文件":null},{"节理组编号":null,"节理编号":"JL5","节理类型":"斜向节理","倾角":null,"倾向":null,"小范围粗糙度Rs":null,"大范围粗糙度Rl":null,"大范围粗糙度下波长":null,"大范围粗糙度下振幅":null,"是否有溶洞":null,"节理粗糙度系数":null,"表面形貌":null,"缝宽":null,"是否填充":null,"填充物":null,"延展性":null,"节理强度":null,"风化程度":null,"渗透率评级":null,"水流流速":null,"备注":null,"关联文件":null},{"节理组编号":null,"节理编号":"JL6","节理类型":"斜向节理","倾角":null,"倾向":null,"小范围粗糙度Rs":null,"大范围粗糙度Rl":null,"大范围粗糙度下波长":null,"大范围粗糙度下振幅":null,"是否有溶洞":null,"节理粗糙度系数":null,"表面形貌":null,"缝宽":null,"是否填充":null,"填充物":null,"延展性":null,"节理强度":null,"风化程度":null,"渗透率评级":null,"水流流速":null,"备注":null,"关联文件":null},{"节理组编号":null,"节理编号":"JL7","节理类型":"斜向节理","倾角":null,"倾向":null,"小范围粗糙度Rs":null,"大范围粗糙度Rl":null,"大范围粗糙度下波长":null,"大范围粗糙度下振幅":null,"是否有溶洞":null,"节理粗糙度系数":null,"表面形貌":null,"缝宽":null,"是否填充":null,"填充物":null,"延展性":null,"节理强度":null,"风化程度":null,"渗透率评级":null,"水流流速":null,"备注":null,"关联文件":null},{"节理组编号":null,"节理编号":"JL8","节理类型":"斜向节理","倾角":null,"倾向":null,"小范围粗糙度Rs":null,"大范围粗糙度Rl":null,"大范围粗糙度下波长":null,"大范围粗糙度下振幅":null,"是否有溶洞":null,"节理粗糙度系数":null,"表面形貌":null,"缝宽":null,"是否填充":null,"填充物":null,"延展性":null,"节理强度":null,"风化程度":null,"渗透率评级":null,"水流流速":null,"备注":null,"关联文件":null},{"节理组编号":null,"节理编号":"JL9","节理类型":"斜向节理","倾角":null,"倾向":null,"小范围粗糙度Rs":null,"大范围粗糙度Rl":null,"大范围粗糙度下波长":null,"大范围粗糙度下振幅":null,"是否有溶洞":null,"节理粗糙度系数":null,"表面形貌":null,"缝宽":null,"是否填充":null,"填充物":null,"延展性":null,"节理强度":null,"风化程度":null,"渗透率评级":null,"水流流速":null,"备注":null,"关联文件":null},{"节理组编号":null,"节理编号":"JL10","节理类型":"斜向节理","倾角":null,"倾向":null,"小范围粗糙度Rs":null,"大范围粗糙度Rl":null,"大范围粗糙度下波长":null,"大范围粗糙度下振幅":null,"是否有溶洞":null,"节理粗糙度系数":null,"表面形貌":null,"缝宽":null,"是否填充":null,"填充物":null,"延展性":null,"节理强度":null,"风化程度":null,"渗透率评级":null,"水流流速":null,"备注":null,"关联文件":null},{"节理组编号":null,"节理编号":"JL11","节理类型":"斜向节理","倾角":null,"倾向":null,"小范围粗糙度Rs":null,"大范围粗糙度Rl":null,"大范围粗糙度下波长":null,"大范围粗糙度下振幅":null,"是否有溶洞":null,"节理粗糙度系数":null,"表面形貌":null,"缝宽":null,"是否填充":null,"填充物":null,"延展性":null,"节理强度":null,"风化程度":null,"渗透率评级":null,"水流流速":null,"备注":null,"关联文件":null},{"节理组编号":null,"节理编号":"JL12","节理类型":"斜向节理","倾角":null,"倾向":null,"小范围粗糙度Rs":null,"大范围粗糙度Rl":null,"大范围粗糙度下波长":null,"大范围粗糙度下振幅":null,"是否有溶洞":null,"节理粗糙度系数":null,"表面形貌":null,"缝宽":null,"是否填充":null,"填充物":null,"延展性":null,"节理强度":null,"风化程度":null,"渗透率评级":null,"水流流速":null,"备注":null,"关联文件":null}],"节理间距":[],"特殊性岩土":[],"不良地质":[{"位置ID":"BLDZT1","不良地质现象区ID":null,"不良地质现象类型":null,"分布范围":"ZK11+343前30-40cm","面积":null,"工程地质性质":"尺寸较小，未作特殊处理","危害程度":"极小","发展规律":null,"备注":null,"关联文件":"1# zk11+343溶腔掌子面出水.mp4"},{"位置ID":"BLDZT2","不良地质现象区ID":null,"不良地质现象类型":null,"分布范围":"ZK11+562.8前30-40cm","面积":null,"工程地质性质":"尺寸较小，未作特殊处理","危害程度":"极小","发展规律":null,"备注":null,"关联文件":null},{"位置ID":"BLDZT3","不良地质现象区ID":null,"不良地质现象类型":null,"分布范围":"1#斜井K1+567","面积":"3.3m（宽）×4.6m（高）×2.8m（深）","工程地质性质":"掌子面右侧拱脚处围岩表面有少量泥浆渗出，半小时后此部位围岩松动，出现涌泥初步估计10m^2，导致拱架挤压变形，并形成空腔","危害程度":"影响结构安全","发展规律":null,"备注":null,"关联文件":"关联文件\\不良地质体\\BLDZT3"}],"地温数据":[],"既有工程":[],"勘察孔基本信息":[{"钻孔位置":"右幅洞口","钻孔ID":"CZK1","钻孔类型":"取岩（土）孔","钻进方法":"回转","目的":null,"孔口标高":"1794.428","终孔深度":"15.9","孔径":null,"钻孔偏斜角":null,"测斜深度":null,"含水层初见水位 ":null,"地层信息":"ZKFD1\nZKFD2\nZKFD3\nZKFD4","取芯率":null,"含水层初见水位":null,"含水层稳定水位":"6.6","含水段个数":null,"含水段起止深度":null,"地下水类型":null,"地下水水质描述":null,"开始时间":"6/5/15","结束时间":"12/3/16","人员信息":null,"机器类型":null,"稳定性":null,"所用钻头":null,"钻头环境":null,"套筒类型":null,"套筒长度":null,"备注":null,"掘进期间天气和环境条件的详细情况":null,"掘进单位":"云南省交通规划设计研究院-勘察院","回填方法":null,"回填材料":null,"引用标准":null,"关联文件":null},{"钻孔位置":"右幅洞身","钻孔ID":"CZK2","钻孔类型":"取岩（土）孔","钻进方法":"回转","目的":null,"孔口标高":"1817.194","终孔深度":"32.5","孔径":null,"钻孔偏斜角":null,"测斜深度":null,"含水层初见水位 ":null,"地层信息":"ZKFD5\nZKFD6\nZKFD7\nZKFD8","取芯率":null,"含水层初见水位":null,"含水层稳定水位":"干孔","含水段个数":null,"含水段起止深度":null,"地下水类型":null,"地下水水质描述":null,"开始时间":"6/5/15","结束时间":"12/3/16","人员信息":null,"机器类型":null,"稳定性":null,"所用钻头":null,"钻头环境":null,"套筒类型":null,"套筒长度":null,"备注":null,"掘进期间天气和环境条件的详细情况":null,"掘进单位":"云南省交通规划设计研究院-勘察院","回填方法":null,"回填材料":null,"引用标准":null,"关联文件":null},{"钻孔位置":"左幅洞口","钻孔ID":"CZK3","钻孔类型":"取岩（土）孔","钻进方法":"回转","目的":null,"孔口标高":"1799.666","终孔深度":"16.76","孔径":null,"钻孔偏斜角":null,"测斜深度":null,"含水层初见水位 ":null,"地层信息":"ZKFD9\nZKFD10\nZKFD11","取芯率":null,"含水层初见水位":null,"含水层稳定水位":"9","含水段个数":null,"含水段起止深度":null,"地下水类型":null,"地下水水质描述":null,"开始时间":"6/5/15","结束时间":"12/3/16","人员信息":null,"机器类型":null,"稳定性":null,"所用钻头":null,"钻头环境":null,"套筒类型":null,"套筒长度":null,"备注":null,"掘进期间天气和环境条件的详细情况":null,"掘进单位":"云南省交通规划设计研究院-勘察院","回填方法":null,"回填材料":null,"引用标准":null,"关联文件":null},{"钻孔位置":"左幅洞身","钻孔ID":"CZK4","钻孔类型":"取岩（土）孔","钻进方法":"回转","目的":null,"孔口标高":"1845.294","终孔深度":"52.99","孔径":null,"钻孔偏斜角":null,"测斜深度":null,"含水层初见水位 ":null,"地层信息":"ZKFD12\nZKFD13\nZKFD14\nZKFD15\nZKFD16","取芯率":null,"含水层初见水位":null,"含水层稳定水位":"干孔","含水段个数":null,"含水段起止深度":null,"地下水类型":null,"地下水水质描述":null,"开始时间":"6/5/15","结束时间":"12/3/16","人员信息":null,"机器类型":null,"稳定性":null,"所用钻头":null,"钻头环境":null,"套筒类型":null,"套筒长度":null,"备注":null,"掘进期间天气和环境条件的详细情况":null,"掘进单位":"云南省交通规划设计研究院-勘察院","回填方法":null,"回填材料":null,"引用标准":null,"关联文件":null},{"钻孔位置":"右幅洞身","钻孔ID":"CZK5","钻孔类型":"取岩（土）孔","钻进方法":"回转","目的":null,"孔口标高":"2010.44","终孔深度":"220.1","孔径":null,"钻孔偏斜角":null,"测斜深度":null,"含水层初见水位 ":null,"地层信息":"ZKFD17\nZKFD18\nZKFD19\nZKFD20\nZKFD21\nZKFD22\nZKFD23\nZKFD24\nZKFD25\nZKFD26\nZKFD27\nZKFD28","取芯率":null,"含水层初见水位":null,"含水层稳定水位":"91.55","含水段个数":null,"含水段起止深度":null,"地下水类型":null,"地下水水质描述":null,"开始时间":"6/5/15","结束时间":"12/3/16","人员信息":null,"机器类型":null,"稳定性":null,"所用钻头":null,"钻头环境":null,"套筒类型":null,"套筒长度":null,"备注":null,"掘进期间天气和环境条件的详细情况":null,"掘进单位":"云南省交通规划设计研究院-勘察院","回填方法":null,"回填材料":null,"引用标准":null,"关联文件":null},{"钻孔位置":"斜井B1b","钻孔ID":"CZK6","钻孔类型":"取岩（土）孔","钻进方法":"回转","目的":null,"孔口标高":"2196.05","终孔深度":"17.5","孔径":null,"钻孔偏斜角":null,"测斜深度":null,"含水层初见水位 ":null,"地层信息":"ZKFD29\nZKFD30\nZKFD31","取芯率":null,"含水层初见水位":null,"含水层稳定水位":"干孔","含水段个数":null,"含水段起止深度":null,"地下水类型":null,"地下水水质描述":null,"开始时间":"6/5/15","结束时间":"12/3/16","人员信息":null,"机器类型":null,"稳定性":null,"所用钻头":null,"钻头环境":null,"套筒类型":null,"套筒长度":null,"备注":null,"掘进期间天气和环境条件的详细情况":null,"掘进单位":"云南省交通规划设计研究院-勘察院","回填方法":null,"回填材料":null,"引用标准":null,"关联文件":null},{"钻孔位置":"斜井B1b","钻孔ID":"CZK7","钻孔类型":"取岩（土）孔","钻进方法":"回转","目的":null,"孔口标高":"2211.69","终孔深度":"73.89","孔径":null,"钻孔偏斜角":null,"测斜深度":null,"含水层初见水位 ":null,"地层信息":"ZKFD32\nZKFD33\nZKFD34\nZKFD35\nZKFD36","取芯率":null,"含水层初见水位":null,"含水层稳定水位":"47.8","含水段个数":null,"含水段起止深度":null,"地下水类型":null,"地下水水质描述":null,"开始时间":"6/5/15","结束时间":"12/3/16","人员信息":null,"机器类型":null,"稳定性":null,"所用钻头":null,"钻头环境":null,"套筒类型":null,"套筒长度":null,"备注":null,"掘进期间天气和环境条件的详细情况":null,"掘进单位":"云南省交通规划设计研究院-勘察院","回填方法":null,"回填材料":null,"引用标准":null,"关联文件":null},{"钻孔位置":"左幅洞身","钻孔ID":"CZK8","钻孔类型":"取岩（土）孔","钻进方法":"回转","目的":null,"孔口标高":"2346.56","终孔深度":"549.4","孔径":null,"钻孔偏斜角":null,"测斜深度":null,"含水层初见水位 ":null,"地层信息":"ZKFD37\nZKFD38\nZKFD39\nZKFD40\nZKFD41\nZKFD42\nZKFD43\nZKFD44\nZKFD45\nZKFD46\nZKFD47\nZKFD48\nZKFD49\nZKFD50","取芯率":null,"含水层初见水位":null,"含水层稳定水位":"2369.56","含水段个数":null,"含水段起止深度":null,"地下水类型":null,"地下水水质描述":null,"开始时间":"6/5/15","结束时间":"12/3/16","人员信息":null,"机器类型":null,"稳定性":null,"所用钻头":null,"钻头环境":null,"套筒类型":null,"套筒长度":null,"备注":null,"掘进期间天气和环境条件的详细情况":null,"掘进单位":"云南省交通规划设计研究院-勘察院","回填方法":null,"回填材料":null,"引用标准":null,"关联文件":null},{"钻孔位置":"1#斜井","钻孔ID":"CZK17","钻孔类型":"取岩（土）孔","钻进方法":"回转","目的":null,"孔口标高":"1976.4","终孔深度":"12","孔径":null,"钻孔偏斜角":null,"测斜深度":null,"含水层初见水位 ":null,"地层信息":"ZKFD51","取芯率":null,"含水层初见水位":null,"含水层稳定水位":"干孔","含水段个数":null,"含水段起止深度":null,"地下水类型":null,"地下水水质描述":null,"开始时间":"6/5/15","结束时间":"12/3/16","人员信息":null,"机器类型":null,"稳定性":null,"所用钻头":null,"钻头环境":null,"套筒类型":null,"套筒长度":null,"备注":null,"掘进期间天气和环境条件的详细情况":null,"掘进单位":"云南省交通规划设计研究院-勘察院","回填方法":null,"回填材料":null,"引用标准":null,"关联文件":null},{"钻孔位置":"1#斜井","钻孔ID":"CZK18","钻孔类型":"取岩（土）孔","钻进方法":"回转","目的":null,"孔口标高":"2035.24","终孔深度":"86.8","孔径":null,"钻孔偏斜角":null,"测斜深度":null,"含水层初见水位 ":null,"地层信息":"ZKFD52\nZKFD53\nZKFD54\nZKFD55\nZKFD56","取芯率":null,"含水层初见水位":null,"含水层稳定水位":"干孔","含水段个数":null,"含水段起止深度":null,"地下水类型":null,"地下水水质描述":null,"开始时间":"6/5/15","结束时间":"12/3/16","人员信息":null,"机器类型":null,"稳定性":null,"所用钻头":null,"钻头环境":null,"套筒类型":null,"套筒长度":null,"备注":null,"掘进期间天气和环境条件的详细情况":null,"掘进单位":"云南省交通规划设计研究院-勘察院","回填方法":null,"回填材料":null,"引用标准":null,"关联文件":null},{"钻孔位置":"左幅洞身","钻孔ID":"CZK12","钻孔类型":"取岩（土）孔","钻进方法":"回转","目的":null,"孔口标高":"2047.03","终孔深度":"332.8","孔径":null,"钻孔偏斜角":null,"测斜深度":null,"含水层初见水位 ":null,"地层信息":"ZKFD57\nZKFD58\nZKFD59\nZKFD60\nZKFD61\nZKFD62\nZKFD63\nZKFD64\nZKFD65\nZKFD66\nZKFD67\nZKFD68\nZKFD69","取芯率":null,"含水层初见水位":null,"含水层稳定水位":"170.55","含水段个数":null,"含水段起止深度":null,"地下水类型":null,"地下水水质描述":null,"开始时间":"6/5/15","结束时间":"12/3/16","人员信息":null,"机器类型":null,"稳定性":null,"所用钻头":null,"钻头环境":null,"套筒类型":null,"套筒长度":null,"备注":null,"掘进期间天气和环境条件的详细情况":null,"掘进单位":"云南省交通规划设计研究院-勘察院","回填方法":null,"回填材料":null,"引用标准":null,"关联文件":null},{"钻孔位置":"右幅洞身","钻孔ID":"CZK13","钻孔类型":"取岩（土）孔","钻进方法":"回转","目的":null,"孔口标高":"1811.07","终孔深度":"113.5","孔径":null,"钻孔偏斜角":null,"测斜深度":null,"含水层初见水位 ":null,"地层信息":"ZKFD70\nZKFD71\nZKFD72","取芯率":null,"含水层初见水位":null,"含水层稳定水位":"75.5","含水段个数":null,"含水段起止深度":null,"地下水类型":null,"地下水水质描述":null,"开始时间":"6/5/15","结束时间":"12/3/16","人员信息":null,"机器类型":null,"稳定性":null,"所用钻头":null,"钻头环境":null,"套筒类型":null,"套筒长度":null,"备注":null,"掘进期间天气和环境条件的详细情况":null,"掘进单位":"云南省交通规划设计研究院-勘察院","回填方法":null,"回填材料":null,"引用标准":null,"关联文件":null},{"钻孔位置":"左幅洞身","钻孔ID":"CZK14","钻孔类型":"取岩（土）孔","钻进方法":"回转","目的":null,"孔口标高":"1755.86","终孔深度":"58.2","孔径":null,"钻孔偏斜角":null,"测斜深度":null,"含水层初见水位 ":null,"地层信息":"ZKFD73\nZKFD74\nZKFD75","取芯率":null,"含水层初见水位":null,"含水层稳定水位":"干孔","含水段个数":null,"含水段起止深度":null,"地下水类型":null,"地下水水质描述":null,"开始时间":"6/5/15","结束时间":"12/3/16","人员信息":null,"机器类型":null,"稳定性":null,"所用钻头":null,"钻头环境":null,"套筒类型":null,"套筒长度":null,"备注":"18.1～24.0m为溶洞空腔","掘进期间天气和环境条件的详细情况":null,"掘进单位":"云南省交通规划设计研究院-勘察院","回填方法":null,"回填材料":null,"引用标准":null,"关联文件":null},{"钻孔位置":"右幅洞口","钻孔ID":"CZK15","钻孔类型":"取岩（土）孔","钻进方法":"回转","目的":null,"孔口标高":"1708.21","终孔深度":"17.11","孔径":null,"钻孔偏斜角":null,"测斜深度":null,"含水层初见水位 ":null,"地层信息":"ZKFD76\nZKFD77\nZKFD78","取芯率":null,"含水层初见水位":null,"含水层稳定水位":"干孔","含水段个数":null,"含水段起止深度":null,"地下水类型":null,"地下水水质描述":null,"开始时间":"6/5/15","结束时间":"12/3/16","人员信息":null,"机器类型":null,"稳定性":null,"所用钻头":null,"钻头环境":null,"套筒类型":null,"套筒长度":null,"备注":null,"掘进期间天气和环境条件的详细情况":null,"掘进单位":"云南省交通规划设计研究院-勘察院","回填方法":null,"回填材料":null,"引用标准":null,"关联文件":null},{"钻孔位置":"左幅洞口","钻孔ID":"CZK16","钻孔类型":"取岩（土）孔","钻进方法":"回转","目的":null,"孔口标高":"1709.24","终孔深度":"15.1","孔径":null,"钻孔偏斜角":null,"测斜深度":null,"含水层初见水位 ":null,"地层信息":"ZKFD79\nZKFD80","取芯率":null,"含水层初见水位":null,"含水层稳定水位":"干孔","含水段个数":null,"含水段起止深度":null,"地下水类型":null,"地下水水质描述":null,"开始时间":"6/5/15","结束时间":"12/3/16","人员信息":null,"机器类型":null,"稳定性":null,"所用钻头":null,"钻头环境":null,"套筒类型":null,"套筒长度":null,"备注":null,"掘进期间天气和环境条件的详细情况":null,"掘进单位":"云南省交通规划设计研究院-勘察院","回填方法":null,"回填材料":null,"引用标准":null,"关联文件":null}],"取芯信息":[],"钻孔地层":[],"水文孔（井）基本信息":[{"位置ID":null,"水文孔（井）ID":"CZK1","水文孔（井）类型":"水位观测孔（井）","水文孔（井）孔径":null,"孔（井）口标高":"1794.428","孔（井）深":"15.9","施工开始日":"6/5/15","施工结束日":"12/3/16","腐蚀性描述":null,"位置描述":null},{"位置ID":null,"水文孔（井）ID":"CZK3","水文孔（井）类型":"水位观测孔（井）","水文孔（井）孔径":null,"孔（井）口标高":"1799.666","孔（井）深":"16.76","施工开始日":"6/5/15","施工结束日":"12/3/16","腐蚀性描述":null,"位置描述":null},{"位置ID":null,"水文孔（井）ID":"CZK5","水文孔（井）类型":"水位观测孔（井）","水文孔（井）孔径":null,"孔（井）口标高":"2010.44","孔（井）深":"220.1","施工开始日":"6/5/15","施工结束日":"12/3/16","腐蚀性描述":null,"位置描述":null},{"位置ID":null,"水文孔（井）ID":"CZK7","水文孔（井）类型":"水位观测孔（井）","水文孔（井）孔径":null,"孔（井）口标高":"2211.69","孔（井）深":"73.89","施工开始日":"6/5/15","施工结束日":"12/3/16","腐蚀性描述":null,"位置描述":null},{"位置ID":null,"水文孔（井）ID":"CZK8","水文孔（井）类型":"水位观测孔（井）","水文孔（井）孔径":null,"孔（井）口标高":"2346.56","孔（井）深":"549.4","施工开始日":"6/5/15","施工结束日":"12/3/16","腐蚀性描述":null,"位置描述":null},{"位置ID":null,"水文孔（井）ID":"CZK12","水文孔（井）类型":"水位观测孔（井）","水文孔（井）孔径":null,"孔（井）口标高":"2047.03","孔（井）深":"332.8","施工开始日":"6/5/15","施工结束日":"12/3/16","腐蚀性描述":null,"位置描述":null},{"位置ID":null,"水文孔（井）ID":"CZK13","水文孔（井）类型":"水位观测孔（井）","水文孔（井）孔径":null,"孔（井）口标高":"1811.07","孔（井）深":"113.5","施工开始日":"6/5/15","施工结束日":"12/3/16","腐蚀性描述":null,"位置描述":null}],"水文孔（井）含水层分层":[],"采样信息":[],"样本":[],"地球物理勘探":[{"物探ID":"KTX1","测线里程冠号":null,"测线起始桩号":null,"测线终止桩号":null,"测线长度":null,"测点坐标集合":null,"测点间距":null,"探测深度":null,"物探方法":"EH4","探测时间":null,"设备信息":null,"物探单位":null,"人员信息":null,"备注":null,"关联文件":null},{"物探ID":"KTX2","测线里程冠号":null,"测线起始桩号":null,"测线终止桩号":null,"测线长度":null,"测点坐标集合":null,"测点间距":null,"探测深度":null,"物探方法":"EH4","探测时间":null,"设备信息":null,"物探单位":null,"人员信息":null,"备注":null,"关联文件":null},{"物探ID":"KTX3","测线里程冠号":null,"测线起始桩号":null,"测线终止桩号":null,"测线长度":null,"测点坐标集合":null,"测点间距":null,"探测深度":null,"物探方法":"EH4","探测时间":null,"设备信息":null,"物探单位":null,"人员信息":null,"备注":null,"关联文件":null},{"物探ID":"KTX4","测线里程冠号":null,"测线起始桩号":null,"测线终止桩号":null,"测线长度":null,"测点坐标集合":null,"测点间距":null,"探测深度":null,"物探方法":"EH4","探测时间":null,"设备信息":null,"物探单位":null,"人员信息":null,"备注":null,"关联文件":null},{"物探ID":"KTX5","测线里程冠号":null,"测线起始桩号":null,"测线终止桩号":null,"测线长度":null,"测点坐标集合":null,"测点间距":null,"探测深度":null,"物探方法":"EH4","探测时间":null,"设备信息":null,"物探单位":null,"人员信息":null,"备注":null,"关联文件":null},{"物探ID":"KTX6","测线里程冠号":null,"测线起始桩号":null,"测线终止桩号":null,"测线长度":null,"测点坐标集合":null,"测点间距":null,"探测深度":null,"物探方法":"EH4","探测时间":null,"设备信息":null,"物探单位":null,"人员信息":null,"备注":null,"关联文件":null}],"载荷板试验":[],"现场直剪试验":[],"动力触探试验":[],"地应力试验":[],"预钻式旁压试验":[],"波速试验":[],"抽水试验":[],"压水试验":[],"注水试验":[],"岩矿鉴定试验":[],"岩石密度试验":[],"含水率试验":[],"吸水率试验":[],"耐崩解性试验":[],"膨胀指数试验":[],"冻融试验":[],"单轴抗压试验":[],"三轴试验（有效应力）":[],"三轴试验（总应力）":[],"直接剪切试验":[],"抗拉强度试验":[],"点荷载试验":[],"波速试验（声波）":[],"水化学试验":[],"补充地质调查":[],"物探法基本信息":[],"物探法预报成果数据表":[],"钻探法基本信息":[],"钻探法成果":[],"钻探孔洞地层信息":[],"地质预报分段信息":[{"分段信息ID":"DZYBFD1","里程冠号":"K","开始里程值":"4020","结束里程值":"4040","生成时间":null,"风险类别":null,"地质级别":null,"围岩等级":"Ⅳ","探测结论":null,"备注":null,"关联文件":null},{"分段信息ID":"DZYBFD2","里程冠号":"K","开始里程值":"4040","结束里程值":"4060","生成时间":null,"风险类别":null,"地质级别":null,"围岩等级":"Ⅳ","探测结论":null,"备注":null,"关联文件":null},{"分段信息ID":"DZYBFD3","里程冠号":"K","开始里程值":"4060","结束里程值":"4080","生成时间":null,"风险类别":null,"地质级别":null,"围岩等级":"Ⅳ","探测结论":null,"备注":null,"关联文件":null},{"分段信息ID":"DZYBFD4","里程冠号":"K","开始里程值":"4080","结束里程值":"4000","生成时间":null,"风险类别":null,"地质级别":null,"围岩等级":"Ⅳ","探测结论":null,"备注":null,"关联文件":null},{"分段信息ID":"DZYBFD5","里程冠号":"K","开始里程值":"4100","结束里程值":"4120","生成时间":null,"风险类别":null,"地质级别":null,"围岩等级":"Ⅳ","探测结论":null,"备注":null,"关联文件":null},{"分段信息ID":"DZYBFD6","里程冠号":"K","开始里程值":"4120","结束里程值":"4140","生成时间":null,"风险类别":null,"地质级别":null,"围岩等级":"Ⅳ","探测结论":null,"备注":null,"关联文件":null},{"分段信息ID":"DZYBFD7","里程冠号":"K","开始里程值":"4140","结束里程值":"4160","生成时间":null,"风险类别":null,"地质级别":null,"围岩等级":"Ⅳ","探测结论":null,"备注":null,"关联文件":null},{"分段信息ID":"DZYBFD8","里程冠号":"K","开始里程值":"4160","结束里程值":"4180","生成时间":null,"风险类别":null,"地质级别":null,"围岩等级":"Ⅳ","探测结论":null,"备注":null,"关联文件":null},{"分段信息ID":"DZYBFD9","里程冠号":"K","开始里程值":"4180","结束里程值":"4100","生成时间":null,"风险类别":null,"地质级别":null,"围岩等级":"Ⅳ","探测结论":null,"备注":null,"关联文件":null},{"分段信息ID":"DZYBFD10","里程冠号":"K","开始里程值":"4200","结束里程值":"4220","生成时间":null,"风险类别":null,"地质级别":null,"围岩等级":"Ⅳ","探测结论":null,"备注":null,"关联文件":null},{"分段信息ID":"DZYBFD11","里程冠号":"K","开始里程值":"4220","结束里程值":"4240","生成时间":null,"风险类别":null,"地质级别":null,"围岩等级":"Ⅳ","探测结论":null,"备注":null,"关联文件":null},{"分段信息ID":"DZYBFD12","里程冠号":"K","开始里程值":"4240","结束里程值":"4260","生成时间":null,"风险类别":null,"地质级别":null,"围岩等级":"Ⅳ","探测结论":null,"备注":null,"关联文件":null}],"掌子面素描信息":[{"掌子面ID":"KTM1","里程冠号":"K4","掌子面里程值":"20","时间":"2018-6-26","开挖宽度":null,"开挖高度":null,"开挖面积":null,"开挖方式":"全断面法","岩土特征类别":"灰岩","素描成果数据":"TFSR1","围岩基本分级":"K4+020～K4+040为Ⅳ级","渗水量":null,"地下水状态":"潮湿或滴水","地质构造应力状态":null,"初始地应力状态":"无高应力","修正后围岩级别":"K4+020～K4+040为Ⅳ级","毛洞稳定情况":"局部小块掉落","预报结论":null,"后续建议":"隧道掘进时需做到各施工工序衔接及时，严格控制施作锚杆施工质量，控制好超、欠挖，及时喷锚支护，确保施工安全。本段围岩局部含裂隙水，隧道掘进时需做好疏排水措施","实际采取措施":null,"断层":null,"初始应力":null,"岩体出露状态":"风化带","支护情况":"隧道喷射混凝土平整度一般，表面无开裂、无渗水、无剥落等现象","备注":null,"关联文件":"关联文件\\地质构造\\断裂\\节理\\128期-老营特长隧道右幅进口K4+020-K4+040.doc"},{"掌子面ID":"KTM2","里程冠号":"K4","掌子面里程值":"40","时间":"2018-6-29","开挖宽度":null,"开挖高度":null,"开挖面积":null,"开挖方式":"全断面法","岩土特征类别":"灰岩","素描成果数据":"TFSR2","围岩基本分级":"K4+040～K4+060为Ⅳ级","渗水量":null,"地下水状态":"潮湿或滴水","地质构造应力状态":null,"初始地应力状态":"无高应力","修正后围岩级别":"K4+040～K4+060为Ⅳ级","毛洞稳定情况":"局部小块掉落","预报结论":null,"后续建议":null,"实际采取措施":null,"断层":null,"初始应力":null,"岩体出露状态":"风化带","支护情况":"隧道喷射混凝土平整度一般，表面无开裂、无渗水、无剥落等现象","备注":null,"关联文件":"关联文件\\地质构造\\断裂\\节理\\128期-老营特长隧道右幅进口K4+020-K4+040.doc"},{"掌子面ID":"KTM3","里程冠号":"K4","掌子面里程值":"60","时间":"2018-7-5","开挖宽度":null,"开挖高度":null,"开挖面积":null,"开挖方式":"全断面法","岩土特征类别":"灰岩","素描成果数据":"TFSR3","围岩基本分级":"K4+060～K4+080为Ⅳ级","渗水量":null,"地下水状态":"潮湿或滴水","地质构造应力状态":null,"初始地应力状态":"无高应力","修正后围岩级别":"K4+060～K4+080为Ⅳ级","毛洞稳定情况":"局部小块掉落","预报结论":null,"后续建议":null,"实际采取措施":null,"断层":null,"初始应力":null,"岩体出露状态":"风化带","支护情况":"隧道喷射混凝土平整度一般，表面无开裂、无渗水、无剥落等现象","备注":null,"关联文件":"关联文件\\地质构造\\断裂\\节理\\128期-老营特长隧道右幅进口K4+020-K4+040.doc"},{"掌子面ID":"KTM4","里程冠号":"K4","掌子面里程值":"80","时间":"2018-7-8","开挖宽度":null,"开挖高度":null,"开挖面积":null,"开挖方式":"全断面法","岩土特征类别":"灰岩","素描成果数据":"TFSR4","围岩基本分级":"K4+080～K4+100为Ⅳ级","渗水量":null,"地下水状态":"潮湿或滴水","地质构造应力状态":null,"初始地应力状态":"无高应力","修正后围岩级别":"K4+080～K4+100为Ⅳ级","毛洞稳定情况":"局部小块掉落","预报结论":null,"后续建议":null,"实际采取措施":null,"断层":null,"初始应力":null,"岩体出露状态":"风化带","支护情况":"隧道喷射混凝土平整度一般，表面无开裂、无渗水、无剥落等现象","备注":null,"关联文件":"关联文件\\地质构造\\断裂\\节理\\128期-老营特长隧道右幅进口K4+020-K4+040.doc"},{"掌子面ID":"KTM5","里程冠号":"K4","掌子面里程值":"100","时间":"2018-7-12","开挖宽度":null,"开挖高度":null,"开挖面积":null,"开挖方式":"全断面法","岩土特征类别":"灰岩","素描成果数据":"TFSR5","围岩基本分级":"K4+100～K4+120为Ⅳ级","渗水量":null,"地下水状态":"潮湿或滴水","地质构造应力状态":null,"初始地应力状态":"无高应力","修正后围岩级别":"K4+100～K4+120为Ⅳ级","毛洞稳定情况":"局部小块掉落","预报结论":null,"后续建议":null,"实际采取措施":null,"断层":null,"初始应力":null,"岩体出露状态":"风化带","支护情况":"隧道喷射混凝土平整度一般，表面无开裂、无渗水、无剥落等现象","备注":null,"关联文件":"关联文件\\地质构造\\断裂\\节理\\128期-老营特长隧道右幅进口K4+020-K4+040.doc"},{"掌子面ID":"KTM6","里程冠号":"K4","掌子面里程值":"120","时间":"2018-7-17","开挖宽度":null,"开挖高度":null,"开挖面积":null,"开挖方式":"全断面法","岩土特征类别":"灰岩","素描成果数据":"TFSR6","围岩基本分级":"K4+120～K4+140为Ⅳ级","渗水量":null,"地下水状态":"潮湿或滴水","地质构造应力状态":null,"初始地应力状态":"无高应力","修正后围岩级别":"K4+120～K4+140为Ⅳ级","毛洞稳定情况":"局部小块掉落","预报结论":null,"后续建议":null,"实际采取措施":null,"断层":null,"初始应力":null,"岩体出露状态":"风化带","支护情况":"隧道喷射混凝土平整度一般，表面无开裂、无渗水、无剥落等现象","备注":null,"关联文件":"关联文件\\地质构造\\断裂\\节理\\128期-老营特长隧道右幅进口K4+020-K4+040.doc"},{"掌子面ID":"KTM7","里程冠号":"K4","掌子面里程值":"140","时间":"2018-7-21","开挖宽度":null,"开挖高度":null,"开挖面积":null,"开挖方式":"全断面法","岩土特征类别":"灰岩","素描成果数据":"TFSR7","围岩基本分级":"K4+140～K4+160为Ⅳ级","渗水量":null,"地下水状态":"无水","地质构造应力状态":null,"初始地应力状态":"无高应力","修正后围岩级别":"K4+140～K4+160为Ⅳ级","毛洞稳定情况":"局部小块掉落","预报结论":null,"后续建议":null,"实际采取措施":null,"断层":null,"初始应力":null,"岩体出露状态":"风化带","支护情况":"隧道喷射混凝土平整度一般，表面无开裂、无渗水、无剥落等现象","备注":null,"关联文件":"关联文件\\地质构造\\断裂\\节理\\128期-老营特长隧道右幅进口K4+020-K4+040.doc"},{"掌子面ID":"KTM8","里程冠号":"K4","掌子面里程值":"160","时间":"2018-7-25","开挖宽度":null,"开挖高度":null,"开挖面积":null,"开挖方式":"全断面法","岩土特征类别":"灰岩","素描成果数据":"TFSR8","围岩基本分级":"K4+160～K4+180为Ⅳ级","渗水量":null,"地下水状态":"无水","地质构造应力状态":null,"初始地应力状态":"无高应力","修正后围岩级别":"K4+160～K4+180为Ⅳ级","毛洞稳定情况":"局部小块掉落","预报结论":null,"后续建议":null,"实际采取措施":null,"断层":null,"初始应力":null,"岩体出露状态":"风化带","支护情况":"隧道喷射混凝土平整度一般，表面无开裂、无渗水、无剥落等现象","备注":null,"关联文件":"关联文件\\地质构造\\断裂\\节理\\128期-老营特长隧道右幅进口K4+020-K4+040.doc"},{"掌子面ID":"KTM9","里程冠号":"K4","掌子面里程值":"180","时间":"2018-7-30","开挖宽度":null,"开挖高度":null,"开挖面积":null,"开挖方式":"全断面法","岩土特征类别":"灰岩","素描成果数据":"TFSR9","围岩基本分级":"K4+180～K4+200为Ⅳ级","渗水量":null,"地下水状态":"潮湿或滴水","地质构造应力状态":null,"初始地应力状态":"无高应力","修正后围岩级别":"K4+180～K4+200为Ⅳ级","毛洞稳定情况":"局部小块掉落","预报结论":null,"后续建议":null,"实际采取措施":null,"断层":null,"初始应力":null,"岩体出露状态":"风化带","支护情况":"隧道喷射混凝土平整度一般，表面无开裂、无渗水、无剥落等现象","备注":null,"关联文件":"关联文件\\地质构造\\断裂\\节理\\128期-老营特长隧道右幅进口K4+020-K4+040.doc"},{"掌子面ID":"KTM10","里程冠号":"K4","掌子面里程值":"200","时间":"2018-8-3","开挖宽度":null,"开挖高度":null,"开挖面积":null,"开挖方式":"全断面法","岩土特征类别":"灰岩","素描成果数据":"TFSR10","围岩基本分级":"K4+200～K4+220为Ⅳ级","渗水量":null,"地下水状态":"潮湿或滴水","地质构造应力状态":null,"初始地应力状态":"无高应力","修正后围岩级别":"K4+200～K4+220为Ⅳ级","毛洞稳定情况":"局部小块掉落","预报结论":null,"后续建议":null,"实际采取措施":null,"断层":null,"初始应力":null,"岩体出露状态":"风化带","支护情况":"隧道喷射混凝土平整度一般，表面无开裂、无渗水、无剥落等现象","备注":null,"关联文件":"关联文件\\地质构造\\断裂\\节理\\128期-老营特长隧道右幅进口K4+020-K4+040.doc"},{"掌子面ID":"KTM11","里程冠号":"K4","掌子面里程值":"220","时间":"2018-8-8","开挖宽度":null,"开挖高度":null,"开挖面积":null,"开挖方式":"全断面法","岩土特征类别":"灰岩","素描成果数据":"TFSR11","围岩基本分级":"K4+220～K4+240为Ⅳ级","渗水量":null,"地下水状态":"潮湿或滴水","地质构造应力状态":null,"初始地应力状态":"无高应力","修正后围岩级别":"K4+220～K4+240为Ⅳ级","毛洞稳定情况":"局部小块掉落","预报结论":null,"后续建议":null,"实际采取措施":null,"断层":null,"初始应力":null,"岩体出露状态":"风化带","支护情况":"隧道喷射混凝土平整度一般，表面无开裂、无渗水、无剥落等现象","备注":null,"关联文件":"关联文件\\地质构造\\断裂\\节理\\128期-老营特长隧道右幅进口K4+020-K4+040.doc"},{"掌子面ID":"KTM12","里程冠号":"K4","掌子面里程值":"240","时间":"2018-8-12","开挖宽度":null,"开挖高度":null,"开挖面积":null,"开挖方式":"全断面法","岩土特征类别":"灰岩","素描成果数据":"TFSR12","围岩基本分级":"K4+240～K4+260为Ⅳ级","渗水量":null,"地下水状态":"潮湿或滴水","地质构造应力状态":null,"初始地应力状态":"无高应力","修正后围岩级别":"K4+240～K4+260为Ⅳ级","毛洞稳定情况":"局部小块掉落","预报结论":null,"后续建议":null,"实际采取措施":null,"断层":null,"初始应力":null,"岩体出露状态":"风化带","支护情况":"隧道喷射混凝土平整度一般，表面无开裂、无渗水、无剥落等现象","备注":null,"关联文件":"关联文件\\地质构造\\断裂\\节理\\128期-老营特长隧道右幅进口K4+020-K4+040.doc"}],"掌子面素描成果":[{"掌子面素描成果数据ID":"TFSR1","岩体类型（名称）":"灰岩","岩层产状":"130°∠25°","黏聚力":null,"内摩擦角":null,"单轴饱和抗压强度":null,"点荷载强度极限":null,"变形模量":null,"泊松比":null,"天然重度":null,"岩性其他指标描述":null,"岩性硬度":null,"地质构造影响程度":null,"结构面组数":null,"平均间距":null,"主结构面走向与洞轴线夹角":null,"主要结构面产状":null,"其他结构面产状":null,"延伸性":null,"粗糙度":null,"张开度":null,"填充物":null,"风化程度":null,"体积裂隙数J ":null,"岩体完整性系数Kv":"0．75～0.55","岩体完整性":"较完整","土名称":null,"地质年代":null,"地质成因":null,"土体其他信息":null,"状态":null,"湿度":null,"密实度":null,"级配":null,"密度":null,"含水量":null,"压缩模量":null,"纵波波速":null,"备注":null,"关联文件":null},{"掌子面素描成果数据ID":"TFSR2","岩体类型（名称）":"灰岩","岩层产状":"90°∠40°","黏聚力":null,"内摩擦角":null,"单轴饱和抗压强度":null,"点荷载强度极限":null,"变形模量":null,"泊松比":null,"天然重度":null,"岩性其他指标描述":null,"岩性硬度":null,"地质构造影响程度":null,"结构面组数":null,"平均间距":null,"主结构面走向与洞轴线夹角":null,"主要结构面产状":null,"其他结构面产状":null,"延伸性":null,"粗糙度":null,"张开度":null,"填充物":null,"风化程度":null,"体积裂隙数J ":null,"岩体完整性系数Kv":"0.55～0.35","岩体完整性":"较破碎","土名称":null,"地质年代":null,"地质成因":null,"土体其他信息":null,"状态":null,"湿度":null,"密实度":null,"级配":null,"密度":null,"含水量":null,"压缩模量":null,"纵波波速":null,"备注":null,"关联文件":null},{"掌子面素描成果数据ID":"TFSR3","岩体类型（名称）":"灰岩","岩层产状":"80°∠40°","黏聚力":null,"内摩擦角":null,"单轴饱和抗压强度":null,"点荷载强度极限":null,"变形模量":null,"泊松比":null,"天然重度":null,"岩性其他指标描述":null,"岩性硬度":null,"地质构造影响程度":null,"结构面组数":null,"平均间距":null,"主结构面走向与洞轴线夹角":null,"主要结构面产状":null,"其他结构面产状":null,"延伸性":null,"粗糙度":null,"张开度":null,"填充物":null,"风化程度":null,"体积裂隙数J ":null,"岩体完整性系数Kv":"0.55～0.35","岩体完整性":"较破碎","土名称":null,"地质年代":null,"地质成因":null,"土体其他信息":null,"状态":null,"湿度":null,"密实度":null,"级配":null,"密度":null,"含水量":null,"压缩模量":null,"纵波波速":null,"备注":null,"关联文件":null},{"掌子面素描成果数据ID":"TFSR4","岩体类型（名称）":"灰岩","岩层产状":"85°∠30°","黏聚力":null,"内摩擦角":null,"单轴饱和抗压强度":null,"点荷载强度极限":null,"变形模量":null,"泊松比":null,"天然重度":null,"岩性其他指标描述":null,"岩性硬度":null,"地质构造影响程度":null,"结构面组数":null,"平均间距":null,"主结构面走向与洞轴线夹角":null,"主要结构面产状":null,"其他结构面产状":null,"延伸性":null,"粗糙度":null,"张开度":null,"填充物":null,"风化程度":null,"体积裂隙数J ":null,"岩体完整性系数Kv":"0.55～0.35","岩体完整性":"较破碎","土名称":null,"地质年代":null,"地质成因":null,"土体其他信息":null,"状态":null,"湿度":null,"密实度":null,"级配":null,"密度":null,"含水量":null,"压缩模量":null,"纵波波速":null,"备注":null,"关联文件":null},{"掌子面素描成果数据ID":"TFSR5","岩体类型（名称）":"灰岩","岩层产状":"85°∠60°","黏聚力":null,"内摩擦角":null,"单轴饱和抗压强度":null,"点荷载强度极限":null,"变形模量":null,"泊松比":null,"天然重度":null,"岩性其他指标描述":null,"岩性硬度":null,"地质构造影响程度":null,"结构面组数":null,"平均间距":null,"主结构面走向与洞轴线夹角":null,"主要结构面产状":null,"其他结构面产状":null,"延伸性":null,"粗糙度":null,"张开度":null,"填充物":null,"风化程度":null,"体积裂隙数J ":null,"岩体完整性系数Kv":"0.55～0.35","岩体完整性":"较破碎","土名称":null,"地质年代":null,"地质成因":null,"土体其他信息":null,"状态":null,"湿度":null,"密实度":null,"级配":null,"密度":null,"含水量":null,"压缩模量":null,"纵波波速":null,"备注":null,"关联文件":null},{"掌子面素描成果数据ID":"TFSR6","岩体类型（名称）":"灰岩","岩层产状":"80°∠58°","黏聚力":null,"内摩擦角":null,"单轴饱和抗压强度":null,"点荷载强度极限":null,"变形模量":null,"泊松比":null,"天然重度":null,"岩性其他指标描述":null,"岩性硬度":null,"地质构造影响程度":null,"结构面组数":null,"平均间距":null,"主结构面走向与洞轴线夹角":null,"主要结构面产状":null,"其他结构面产状":null,"延伸性":null,"粗糙度":null,"张开度":null,"填充物":null,"风化程度":null,"体积裂隙数J ":null,"岩体完整性系数Kv":"0.55～0.35","岩体完整性":"较完整","土名称":null,"地质年代":null,"地质成因":null,"土体其他信息":null,"状态":null,"湿度":null,"密实度":null,"级配":null,"密度":null,"含水量":null,"压缩模量":null,"纵波波速":null,"备注":null,"关联文件":null},{"掌子面素描成果数据ID":"TFSR7","岩体类型（名称）":"灰岩","岩层产状":"85°∠60°","黏聚力":null,"内摩擦角":null,"单轴饱和抗压强度":null,"点荷载强度极限":null,"变形模量":null,"泊松比":null,"天然重度":null,"岩性其他指标描述":null,"岩性硬度":null,"地质构造影响程度":null,"结构面组数":null,"平均间距":null,"主结构面走向与洞轴线夹角":null,"主要结构面产状":null,"其他结构面产状":null,"延伸性":null,"粗糙度":null,"张开度":null,"填充物":null,"风化程度":null,"体积裂隙数J ":null,"岩体完整性系数Kv":"0.55～0.35","岩体完整性":"较完整","土名称":null,"地质年代":null,"地质成因":null,"土体其他信息":null,"状态":null,"湿度":null,"密实度":null,"级配":null,"密度":null,"含水量":null,"压缩模量":null,"纵波波速":null,"备注":null,"关联文件":null},{"掌子面素描成果数据ID":"TFSR8","岩体类型（名称）":"灰岩","岩层产状":"82°∠55°","黏聚力":null,"内摩擦角":null,"单轴饱和抗压强度":null,"点荷载强度极限":null,"变形模量":null,"泊松比":null,"天然重度":null,"岩性其他指标描述":null,"岩性硬度":null,"地质构造影响程度":null,"结构面组数":null,"平均间距":null,"主结构面走向与洞轴线夹角":null,"主要结构面产状":null,"其他结构面产状":null,"延伸性":null,"粗糙度":null,"张开度":null,"填充物":null,"风化程度":null,"体积裂隙数J ":null,"岩体完整性系数Kv":"0.55～0.35","岩体完整性":"较完整","土名称":null,"地质年代":null,"地质成因":null,"土体其他信息":null,"状态":null,"湿度":null,"密实度":null,"级配":null,"密度":null,"含水量":null,"压缩模量":null,"纵波波速":null,"备注":null,"关联文件":null},{"掌子面素描成果数据ID":"TFSR9","岩体类型（名称）":"灰岩","岩层产状":"90°∠45°","黏聚力":null,"内摩擦角":null,"单轴饱和抗压强度":null,"点荷载强度极限":null,"变形模量":null,"泊松比":null,"天然重度":null,"岩性其他指标描述":null,"岩性硬度":null,"地质构造影响程度":null,"结构面组数":null,"平均间距":null,"主结构面走向与洞轴线夹角":null,"主要结构面产状":null,"其他结构面产状":null,"延伸性":null,"粗糙度":null,"张开度":null,"填充物":null,"风化程度":null,"体积裂隙数J ":null,"岩体完整性系数Kv":"0.55～0.35","岩体完整性":"较完整","土名称":null,"地质年代":null,"地质成因":null,"土体其他信息":null,"状态":null,"湿度":null,"密实度":null,"级配":null,"密度":null,"含水量":null,"压缩模量":null,"纵波波速":null,"备注":null,"关联文件":null},{"掌子面素描成果数据ID":"TFSR10","岩体类型（名称）":"灰岩","岩层产状":"82°∠30°","黏聚力":null,"内摩擦角":null,"单轴饱和抗压强度":null,"点荷载强度极限":null,"变形模量":null,"泊松比":null,"天然重度":null,"岩性其他指标描述":null,"岩性硬度":null,"地质构造影响程度":null,"结构面组数":null,"平均间距":null,"主结构面走向与洞轴线夹角":null,"主要结构面产状":null,"其他结构面产状":null,"延伸性":null,"粗糙度":null,"张开度":null,"填充物":null,"风化程度":null,"体积裂隙数J ":null,"岩体完整性系数Kv":"0.55～0.35","岩体完整性":"较完整","土名称":null,"地质年代":null,"地质成因":null,"土体其他信息":null,"状态":null,"湿度":null,"密实度":null,"级配":null,"密度":null,"含水量":null,"压缩模量":null,"纵波波速":null,"备注":null,"关联文件":null},{"掌子面素描成果数据ID":"TFSR11","岩体类型（名称）":"灰岩","岩层产状":"75°∠40°","黏聚力":null,"内摩擦角":null,"单轴饱和抗压强度":null,"点荷载强度极限":null,"变形模量":null,"泊松比":null,"天然重度":null,"岩性其他指标描述":null,"岩性硬度":null,"地质构造影响程度":null,"结构面组数":null,"平均间距":null,"主结构面走向与洞轴线夹角":null,"主要结构面产状":null,"其他结构面产状":null,"延伸性":null,"粗糙度":null,"张开度":null,"填充物":null,"风化程度":null,"体积裂隙数J ":null,"岩体完整性系数Kv":"0.55～0.35","岩体完整性":"较完整","土名称":null,"地质年代":null,"地质成因":null,"土体其他信息":null,"状态":null,"湿度":null,"密实度":null,"级配":null,"密度":null,"含水量":null,"压缩模量":null,"纵波波速":null,"备注":null,"关联文件":null},{"掌子面素描成果数据ID":"TFSR12","岩体类型（名称）":"灰岩","岩层产状":"70°∠35°","黏聚力":null,"内摩擦角":null,"单轴饱和抗压强度":null,"点荷载强度极限":null,"变形模量":null,"泊松比":null,"天然重度":null,"岩性其他指标描述":null,"岩性硬度":null,"地质构造影响程度":null,"结构面组数":null,"平均间距":null,"主结构面走向与洞轴线夹角":null,"主要结构面产状":null,"其他结构面产状":null,"延伸性":null,"粗糙度":null,"张开度":null,"填充物":null,"风化程度":null,"体积裂隙数J ":null,"岩体完整性系数Kv":"0.55～0.35","岩体完整性":"较完整","土名称":null,"地质年代":null,"地质成因":null,"土体其他信息":null,"状态":null,"湿度":null,"密实度":null,"级配":null,"密度":null,"含水量":null,"压缩模量":null,"纵波波速":null,"备注":null,"关联文件":null}],"隧道涌水量分段数据":[{"涌水量分段ID":"YSLFD1","人员ID":null,"里程冠号":"S2","开始里程值":"1520","结束里程值":"5200","生成时间":"2019.3.8","测量方法":null,"测量仪器":null,"平均涌水量":"5375","实际采取措施":null,"备注":"老营隧道涌水实测分析报告V1-lxj-2019年3月30日.docx","关联文件":null},{"涌水量分段ID":"YSLFD2","人员ID":null,"里程冠号":"S4","开始里程值":"12995","结束里程值":"11600","生成时间":"2019.3.14","测量方法":null,"测量仪器":null,"平均涌水量":"685","实际采取措施":null,"备注":"老营隧道涌水实测分析报告V1-lxj-2019年3月30日.docx","关联文件":null},{"涌水量分段ID":"YSLFD3","人员ID":null,"里程冠号":"S4","开始里程值":"12960","结束里程值":"12600","生成时间":"2019.3.14","测量方法":null,"测量仪器":null,"平均涌水量":"250","实际采取措施":null,"备注":"老营隧道涌水实测分析报告V1-lxj-2019年3月30日.docx","关联文件":null},{"涌水量分段ID":"YSLFD4","人员ID":null,"里程冠号":"S1","开始里程值":"1450","结束里程值":"2200","生成时间":"2019.3.23","测量方法":null,"测量仪器":null,"平均涌水量":"1136","实际采取措施":null,"备注":"老营隧道涌水实测分析报告V1-lxj-2019年3月30日.docx","关联文件":null},{"涌水量分段ID":"YSLFD5","人员ID":null,"里程冠号":"S1","开始里程值":"2200","结束里程值":"2500","生成时间":"2019.3.23","测量方法":null,"测量仪器":null,"平均涌水量":"156","实际采取措施":null,"备注":"老营隧道涌水实测分析报告V1-lxj-2019年3月30日.docx","关联文件":null},{"涌水量分段ID":"YSLFD6","人员ID":null,"里程冠号":"S1","开始里程值":"2500","结束里程值":"3100","生成时间":"2019.3.23","测量方法":null,"测量仪器":null,"平均涌水量":"2396","实际采取措施":null,"备注":"老营隧道涌水实测分析报告V1-lxj-2019年3月30日.docx","关联文件":null},{"涌水量分段ID":"YSLFD7","人员ID":null,"里程冠号":"S1","开始里程值":"3100","结束里程值":"4100","生成时间":"2019.3.23","测量方法":null,"测量仪器":null,"平均涌水量":"54","实际采取措施":null,"备注":"老营隧道涌水实测分析报告V1-lxj-2019年3月30日.docx","关联文件":null},{"涌水量分段ID":"YSLFD8","人员ID":null,"里程冠号":"S2","开始里程值":"4590","结束里程值":"4685","生成时间":"2019.3.23","测量方法":null,"测量仪器":null,"平均涌水量":"470","实际采取措施":null,"备注":"老营隧道涌水实测分析报告V1-lxj-2019年3月30日.docx","关联文件":null},{"涌水量分段ID":"YSLFD9","人员ID":null,"里程冠号":"S2","开始里程值":"4685","结束里程值":"4830","生成时间":"2019.3.23","测量方法":null,"测量仪器":null,"平均涌水量":"272","实际采取措施":null,"备注":"老营隧道涌水实测分析报告V1-lxj-2019年3月30日.docx","关联文件":null},{"涌水量分段ID":"YSLFD10","人员ID":null,"里程冠号":"S2","开始里程值":"4830","结束里程值":"4925","生成时间":"2019.3.23","测量方法":null,"测量仪器":null,"平均涌水量":"58","实际采取措施":null,"备注":"老营隧道涌水实测分析报告V1-lxj-2019年3月30日.docx","关联文件":null},{"涌水量分段ID":"YSLFD11","人员ID":null,"里程冠号":"S1","开始里程值":"1520","结束里程值":"2200","生成时间":"2019.3.23","测量方法":null,"测量仪器":null,"平均涌水量":"160","实际采取措施":null,"备注":"老营隧道涌水实测分析报告V1-lxj-2019年3月30日.docx","关联文件":null},{"涌水量分段ID":"YSLFD12","人员ID":null,"里程冠号":"S1","开始里程值":"2200","结束里程值":"2500","生成时间":"2019.3.23","测量方法":null,"测量仪器":null,"平均涌水量":"1070","实际采取措施":null,"备注":"老营隧道涌水实测分析报告V1-lxj-2019年3月30日.docx","关联文件":null},{"涌水量分段ID":"YSLFD13","人员ID":null,"里程冠号":"S1","开始里程值":"2500","结束里程值":"3100","生成时间":"2019.3.23","测量方法":null,"测量仪器":null,"平均涌水量":"2253","实际采取措施":null,"备注":"老营隧道涌水实测分析报告V1-lxj-2019年3月30日.docx","关联文件":null},{"涌水量分段ID":"YSLFD14","人员ID":null,"里程冠号":"S2","开始里程值":"4100","结束里程值":"4695","生成时间":"2019.3.23","测量方法":null,"测量仪器":null,"平均涌水量":"1121","实际采取措施":null,"备注":"老营隧道涌水实测分析报告V1-lxj-2019年3月30日.docx","关联文件":null},{"涌水量分段ID":"YSLFD15","人员ID":null,"里程冠号":"S2","开始里程值":"4695","结束里程值":"4925","生成时间":"2019.3.23","测量方法":null,"测量仪器":null,"平均涌水量":"379","实际采取措施":null,"备注":"老营隧道涌水实测分析报告V1-lxj-2019年3月30日.docx","关联文件":null},{"涌水量分段ID":"YSLFD16","人员ID":null,"里程冠号":"S2","开始里程值":"4925","结束里程值":"4780","生成时间":"2019.3.23","测量方法":null,"测量仪器":null,"平均涌水量":"288","实际采取措施":null,"备注":"老营隧道涌水实测分析报告V1-lxj-2019年3月30日.docx","关联文件":null},{"涌水量分段ID":"YSLFD17","人员ID":null,"里程冠号":"S2","开始里程值":"4780","结束里程值":"5255","生成时间":"2019.3.23","测量方法":null,"测量仪器":null,"平均涌水量":"897","实际采取措施":null,"备注":"老营隧道涌水实测分析报告V1-lxj-2019年3月30日.docx","关联文件":null}],"施工进度分段":[{"施工分段ID":"SGJDFD2","项目标段号":"S1标","左右幅":"右","里程冠号":"K","记录时间":"20180616","施工面桩号":"3973.8","初衬桩号":"3919.8","二衬桩号":"3738"},{"施工分段ID":"SGJDFD3","项目标段号":"S2标1#斜井","左右幅":"左","里程冠号":"K","记录时间":"20180616","施工面桩号":"1685","初衬桩号":"3685","二衬桩号":"1685"},{"施工分段ID":"SGJDFD4","项目标段号":"S2标","左右幅":"左","里程冠号":"ZK","记录时间":"20180616","施工面桩号":"4647","初衬桩号":"3687","二衬桩号":""},{"施工分段ID":"SGJDFD5","项目标段号":"S2标","左右幅":"右","里程冠号":"K","记录时间":"20180616","施工面桩号":"4764.8","初衬桩号":"","二衬桩号":"4700"},{"施工分段ID":"SGJDFD6","项目标段号":"S3标2#斜井","左右幅":"左","里程冠号":"K","记录时间":"20180616","施工面桩号":"198.9","初衬桩号":"3192.1","二衬桩号":"301.4"},{"施工分段ID":"SGJDFD7","项目标段号":"S4标","左右幅":"左","里程冠号":"ZK","记录时间":"20180616","施工面桩号":"10418.6","初衬桩号":"3418.7","二衬桩号":"10540"},{"施工分段ID":"SGJDFD8","项目标段号":"S4标","左右幅":"右","里程冠号":"K","记录时间":"20180616","施工面桩号":"10478.2","初衬桩号":"3478.9","二衬桩号":"10594"}],"围岩级别分段":[{"围岩级别分段ID":"WYJBFD2","里程冠号":"K","起始桩号":"1790","终止桩号":"2210","长度":"420","围岩级别":"V1","岩体完整性系数KV":"0-0.15","岩石单轴饱和抗压强度RC":"1-10","地下水影响修正系数K1":"0.3","主要软弱结构面产状影响修正系数K2":"0.3","初始应力状态影响修正系数K3":"0.02","BQ1":"93-157.5","BQ2":"31-95.5"},{"围岩级别分段ID":"WYJBFD3","里程冠号":"K","起始桩号":"2210","终止桩号":"2340","长度":"130","围岩级别":"V2","岩体完整性系数KV":"0-0.1","岩石单轴饱和抗压强度RC":"1-10","地下水影响修正系数K1":"0.3","主要软弱结构面产状影响修正系数K2":"0.3","初始应力状态影响修正系数K3":"0.02","BQ1":"93-145","BQ2":"31-83"},{"围岩级别分段ID":"WYJBFD4","里程冠号":"K","起始桩号":"2340","终止桩号":"2900","长度":"560","围岩级别":"V1","岩体完整性系数KV":"0-0.15","岩石单轴饱和抗压强度RC":"1-10","地下水影响修正系数K1":"0.3","主要软弱结构面产状影响修正系数K2":"0.3","初始应力状态影响修正系数K3":"0.02","BQ1":"93-157.5","BQ2":"31-95.5"},{"围岩级别分段ID":"WYJBFD5","里程冠号":"K","起始桩号":"2900","终止桩号":"3100","长度":"200","围岩级别":"IV2","岩体完整性系数KV":"0.15-0.55","岩石单轴饱和抗压强度RC":"10-40","地下水影响修正系数K1":"0.3","主要软弱结构面产状影响修正系数K2":"0.3","初始应力状态影响修正系数K3":"0.02","BQ1":"157.5-347.5","BQ2":"95.5-285.5"},{"围岩级别分段ID":"WYJBFD6","里程冠号":"K","起始桩号":"3100","终止桩号":"3700","长度":"600","围岩级别":"III2","岩体完整性系数KV":"0.55-0.75","岩石单轴饱和抗压强度RC":"40-80","地下水影响修正系数K1":"0.3","主要软弱结构面产状影响修正系数K2":"0.3","初始应力状态影响修正系数K3":"0.02","BQ1":"347.5-517.5","BQ2":"285.5-455.5"},{"围岩级别分段ID":"WYJBFD7","里程冠号":"K","起始桩号":"3700","终止桩号":"4400","长度":"700","围岩级别":"IV2","岩体完整性系数KV":"0.35-0.55","岩石单轴饱和抗压强度RC":"10-40","地下水影响修正系数K1":"0.3","主要软弱结构面产状影响修正系数K2":"0.3","初始应力状态影响修正系数K3":"0.02","BQ1":"207.5-347.5","BQ2":"145.5-285.5"},{"围岩级别分段ID":"WYJBFD8","里程冠号":"K","起始桩号":"4400","终止桩号":"4850","长度":"450","围岩级别":"III2","岩体完整性系数KV":"0.55-0.75","岩石单轴饱和抗压强度RC":"40-80","地下水影响修正系数K1":"0.3","主要软弱结构面产状影响修正系数K2":"0.3","初始应力状态影响修正系数K3":"0.02","BQ1":"347.5-517.5","BQ2":"285.5-455.5"},{"围岩级别分段ID":"WYJBFD9","里程冠号":"K","起始桩号":"4850","终止桩号":"5050","长度":"200","围岩级别":"IV2","岩体完整性系数KV":"0.15-0.55","岩石单轴饱和抗压强度RC":"10-40","地下水影响修正系数K1":"0.3","主要软弱结构面产状影响修正系数K2":"0.3","初始应力状态影响修正系数K3":"0.02","BQ1":"157.5-347.5","BQ2":"95.5-285.5"},{"围岩级别分段ID":"WYJBFD10","里程冠号":"K","起始桩号":"5050","终止桩号":"5200","长度":"150","围岩级别":"V2","岩体完整性系数KV":"0-0.1","岩石单轴饱和抗压强度RC":"5-15","地下水影响修正系数K1":"0.3","主要软弱结构面产状影响修正系数K2":"0.3","初始应力状态影响修正系数K3":"0.02","BQ1":"105-160","BQ2":"43-98"},{"围岩级别分段ID":"WYJBFD11","里程冠号":"K","起始桩号":"5200","终止桩号":"6150","长度":"950","围岩级别":"IV2","岩体完整性系数KV":"0.15-0.55","岩石单轴饱和抗压强度RC":"10-40","地下水影响修正系数K1":"0.3","主要软弱结构面产状影响修正系数K2":"0.3","初始应力状态影响修正系数K3":"0.02","BQ1":"157.5-347.5","BQ2":"95.5-285.5"},{"围岩级别分段ID":"WYJBFD12","里程冠号":"K","起始桩号":"6150","终止桩号":"6300","长度":"150","围岩级别":"V2","岩体完整性系数KV":"0-0.1","岩石单轴饱和抗压强度RC":"5-15","地下水影响修正系数K1":"0.3","主要软弱结构面产状影响修正系数K2":"0.3","初始应力状态影响修正系数K3":"0.02","BQ1":"105-160","BQ2":"43-98"},{"围岩级别分段ID":"WYJBFD13","里程冠号":"K","起始桩号":"6300","终止桩号":"7700","长度":"1400","围岩级别":"IV2","岩体完整性系数KV":"0.15-0.55","岩石单轴饱和抗压强度RC":"10-40","地下水影响修正系数K1":"0.3","主要软弱结构面产状影响修正系数K2":"0.3","初始应力状态影响修正系数K3":"0.02","BQ1":"157.5-347.5","BQ2":"95.5-285.5"},{"围岩级别分段ID":"WYJBFD14","里程冠号":"K","起始桩号":"7700","终止桩号":"8000","长度":"300","围岩级别":"III2","岩体完整性系数KV":"0.55-0.75","岩石单轴饱和抗压强度RC":"40-60","地下水影响修正系数K1":"0.3","主要软弱结构面产状影响修正系数K2":"0.3","初始应力状态影响修正系数K3":"0.02","BQ1":"347.5-457.5","BQ2":"285.5-395.5"},{"围岩级别分段ID":"WYJBFD15","里程冠号":"K","起始桩号":"8000","终止桩号":"8300","长度":"300","围岩级别":"IV2","岩体完整性系数KV":"0.35-0.55","岩石单轴饱和抗压强度RC":"10-30","地下水影响修正系数K1":"0.3","主要软弱结构面产状影响修正系数K2":"0.3","初始应力状态影响修正系数K3":"0.02","BQ1":"207.5-317.5","BQ2":"145.5-255.5"},{"围岩级别分段ID":"WYJBFD16","里程冠号":"K","起始桩号":"8300","终止桩号":"8600","长度":"300","围岩级别":"III2","岩体完整性系数KV":"0.55-0.75","岩石单轴饱和抗压强度RC":"40-60","地下水影响修正系数K1":"0.3","主要软弱结构面产状影响修正系数K2":"0.3","初始应力状态影响修正系数K3":"0.02","BQ1":"347.5-457.5","BQ2":"285.5-395.5"},{"围岩级别分段ID":"WYJBFD17","里程冠号":"K","起始桩号":"8600","终止桩号":"9300","长度":"700","围岩级别":"IV2","岩体完整性系数KV":"0.35-0.55","岩石单轴饱和抗压强度RC":"10-40","地下水影响修正系数K1":"0.3","主要软弱结构面产状影响修正系数K2":"0.3","初始应力状态影响修正系数K3":"0.02","BQ1":"207.5-347.5","BQ2":"145.5-285.5"},{"围岩级别分段ID":"WYJBFD18","里程冠号":"K","起始桩号":"9300","终止桩号":"9600","长度":"300","围岩级别":"III2","岩体完整性系数KV":"0.55-0.75","岩石单轴饱和抗压强度RC":"40-60","地下水影响修正系数K1":"0.3","主要软弱结构面产状影响修正系数K2":"0.3","初始应力状态影响修正系数K3":"0.02","BQ1":"347.5-457.5","BQ2":"285.5-395.5"},{"围岩级别分段ID":"WYJBFD19","里程冠号":"K","起始桩号":"9600","终止桩号":"10100","长度":"500","围岩级别":"Ⅳ2","岩体完整性系数KV":"0.15-0.55","岩石单轴饱和抗压强度RC":"10-40","地下水影响修正系数K1":"0.3","主要软弱结构面产状影响修正系数K2":"0.3","初始应力状态影响修正系数K3":"0.02","BQ1":"157.5-347.5","BQ2":"95.5-285.5"},{"围岩级别分段ID":"WYJBFD20","里程冠号":"K","起始桩号":"10100","终止桩号":"10300","长度":"200","围岩级别":"Ⅴ1","岩体完整性系数KV":"0-0.15","岩石单轴饱和抗压强度RC":"5-15","地下水影响修正系数K1":"0.3","主要软弱结构面产状影响修正系数K2":"0.3","初始应力状态影响修正系数K3":"0.02","BQ1":"105-172.5","BQ2":"43-110.5"},{"围岩级别分段ID":"WYJBFD21","里程冠号":"K","起始桩号":"10300","终止桩号":"10750","长度":"450","围岩级别":"Ⅳ2","岩体完整性系数KV":"0.15-0.55","岩石单轴饱和抗压强度RC":"10-40","地下水影响修正系数K1":"0.3","主要软弱结构面产状影响修正系数K2":"0.3","初始应力状态影响修正系数K3":"0.02","BQ1":"157.5-347.5","BQ2":"95.5-285.5"},{"围岩级别分段ID":"WYJBFD22","里程冠号":"K","起始桩号":"10750","终止桩号":"10950","长度":"200","围岩级别":"Ⅲ2","岩体完整性系数KV":"0.55-0.75","岩石单轴饱和抗压强度RC":"40-60","地下水影响修正系数K1":"0.3","主要软弱结构面产状影响修正系数K2":"0.3","初始应力状态影响修正系数K3":"0.02","BQ1":"347.5-457.5","BQ2":"285.5-395.5"},{"围岩级别分段ID":"WYJBFD23","里程冠号":"K","起始桩号":"10950","终止桩号":"11250","长度":"300","围岩级别":"Ⅳ2","岩体完整性系数KV":"0.15-0.55","岩石单轴饱和抗压强度RC":"40-60","地下水影响修正系数K1":"0.3","主要软弱结构面产状影响修正系数K2":"0.3","初始应力状态影响修正系数K3":"0.02","BQ1":"247.5-407.5","BQ2":"185.5-345.5"},{"围岩级别分段ID":"WYJBFD24","里程冠号":"K","起始桩号":"11250","终止桩号":"11450","长度":"200","围岩级别":"Ⅴ2","岩体完整性系数KV":"0-0.1","岩石单轴饱和抗压强度RC":"5-15","地下水影响修正系数K1":"0.3","主要软弱结构面产状影响修正系数K2":"0.3","初始应力状态影响修正系数K3":"0.02","BQ1":"105-160","BQ2":"43-98"},{"围岩级别分段ID":"WYJBFD25","里程冠号":"K","起始桩号":"11450","终止桩号":"12650","长度":"1200","围岩级别":"Ⅳ2","岩体完整性系数KV":"0.15-0.55","岩石单轴饱和抗压强度RC":"10-40","地下水影响修正系数K1":"0.3","主要软弱结构面产状影响修正系数K2":"0.3","初始应力状态影响修正系数K3":"0.02","BQ1":"157.5-347.5","BQ2":"95.5-285.5"},{"围岩级别分段ID":"WYJBFD26","里程冠号":"K","起始桩号":"12650","终止桩号":"12750","长度":"100","围岩级别":"Ⅴ1","岩体完整性系数KV":"0-0.15","岩石单轴饱和抗压强度RC":"0-10","地下水影响修正系数K1":"0.3","主要软弱结构面产状影响修正系数K2":"0.3","初始应力状态影响修正系数K3":"0.02","BQ1":"90-157.5","BQ2":"28-95.5"},{"围岩级别分段ID":"WYJBFD27","里程冠号":"K","起始桩号":"12750","终止桩号":"12995","长度":"245","围岩级别":"Ⅴ2","岩体完整性系数KV":"0-0.1","岩石单轴饱和抗压强度RC":"0.5-1","地下水影响修正系数K1":"0.3","主要软弱结构面产状影响修正系数K2":"0.4","初始应力状态影响修正系数K3":"0.02","BQ1":"91.5-118","BQ2":"19.5-46"}],"地质预报分段":[{"地质预报分段ID":"DZYBFD2","项目标段号":"S1","左右幅":"右","预报方法":"GPR","里程冠号":"K","起始桩号":"4040","终止桩号":"4060"},{"地质预报分段ID":"DZYBFD3","项目标段号":"S1","左右幅":"右","预报方法":"GPR","里程冠号":"K","起始桩号":"4060","终止桩号":"4080"},{"地质预报分段ID":"DZYBFD4","项目标段号":"S1","左右幅":"右","预报方法":"GPR","里程冠号":"K","起始桩号":"4080","终止桩号":"4000"},{"地质预报分段ID":"DZYBFD5","项目标段号":"S1","左右幅":"右","预报方法":"GPR","里程冠号":"K","起始桩号":"4100","终止桩号":"4120"},{"地质预报分段ID":"DZYBFD6","项目标段号":"S1","左右幅":"右","预报方法":"GPR","里程冠号":"K","起始桩号":"4120","终止桩号":"4140"},{"地质预报分段ID":"DZYBFD7","项目标段号":"S1","左右幅":"右","预报方法":"GPR","里程冠号":"K","起始桩号":"4140","终止桩号":"4160"},{"地质预报分段ID":"DZYBFD8","项目标段号":"S1","左右幅":"右","预报方法":"GPR","里程冠号":"K","起始桩号":"4160","终止桩号":"4180"},{"地质预报分段ID":"DZYBFD9","项目标段号":"S1","左右幅":"右","预报方法":"GPR","里程冠号":"K","起始桩号":"4180","终止桩号":"4100"},{"地质预报分段ID":"DZYBFD10","项目标段号":"S1","左右幅":"右","预报方法":"GPR","里程冠号":"K","起始桩号":"4200","终止桩号":"4220"},{"地质预报分段ID":"DZYBFD11","项目标段号":"S1","左右幅":"右","预报方法":"GPR","里程冠号":"K","起始桩号":"4220","终止桩号":"4240"},{"地质预报分段ID":"DZYBFD12","项目标段号":"S1","左右幅":"右","预报方法":"GPR","里程冠号":"K","起始桩号":"4240","终止桩号":"4260"}]}